ncs_id,ncs_code,ncs_label,is_active
NCS_0300_N,0300-N,NCS 0300-N,1
NCS_0500_N,0500-N,NCS 0500-N,1
NCS_0502_B,0502-B,NCS 0502-B,1
NCS_0502_B50G,0502-B50G,NCS 0502-B50G,1
NCS_0502_G,0502-G,NCS 0502-G,1
NCS_0502_G50Y,0502-G50Y,NCS 0502-G50Y,1
NCS_0502_R,0502-R,NCS 0502-R,1
NCS_0502_R50B,0502-R50B,NCS 0502-R50B,1
NCS_0502_Y,0502-Y,NCS 0502-Y,1
NCS_0502_Y50R,0502-Y50R,NCS 0502-Y50R,1
NCS_0505_B,0505-B,NCS 0505-B,1
NCS_0505_B20G,0505-B20G,NCS 0505-B20G,1
NCS_0505_B50G,0505-B50G,NCS 0505-B50G,1
NCS_0505_B80G,0505-B80G,NCS 0505-B80G,1
NCS_0505_G,0505-G,NCS 0505-G,1
NCS_0505_G10Y,0505-G10Y,NCS 0505-G10Y,1
NCS_0505_G20Y,0505-G20Y,NCS 0505-G20Y,1
NCS_0505_G30Y,0505-G30Y,NCS 0505-G30Y,1
NCS_0505_G40Y,0505-G40Y,NCS 0505-G40Y,1
NCS_0505_G50Y,0505-G50Y,NCS 0505-G50Y,1
NCS_0505_G60Y,0505-G60Y,NCS 0505-G60Y,1
NCS_0505_G70Y,0505-G70Y,NCS 0505-G70Y,1
NCS_0505_G80Y,0505-G80Y,NCS 0505-G80Y,1
NCS_0505_G90Y,0505-G90Y,NCS 0505-G90Y,1
NCS_0505_R,0505-R,NCS 0505-R,1
NCS_0505_R10B,0505-R10B,NCS 0505-R10B,1
NCS_0505_R20B,0505-R20B,NCS 0505-R20B,1
NCS_0505_R30B,0505-R30B,NCS 0505-R30B,1
NCS_0505_R40B,0505-R40B,NCS 0505-R40B,1
NCS_0505_R50B,0505-R50B,NCS 0505-R50B,1
NCS_0505_R60B,0505-R60B,NCS 0505-R60B,1
NCS_0505_R70B,0505-R70B,NCS 0505-R70B,1
NCS_0505_R80B,0505-R80B,NCS 0505-R80B,1
NCS_0505_R90B,0505-R90B,NCS 0505-R90B,1
NCS_0505_Y,0505-Y,NCS 0505-Y,1
NCS_0505_Y10R,0505-Y10R,NCS 0505-Y10R,1
NCS_0505_Y20R,0505-Y20R,NCS 0505-Y20R,1
NCS_0505_Y30R,0505-Y30R,NCS 0505-Y30R,1
NCS_0505_Y40R,0505-Y40R,NCS 0505-Y40R,1
NCS_0505_Y50R,0505-Y50R,NCS 0505-Y50R,1
NCS_0505_Y60R,0505-Y60R,NCS 0505-Y60R,1
NCS_0505_Y70R,0505-Y70R,NCS 0505-Y70R,1
NCS_0505_Y80R,0505-Y80R,NCS 0505-Y80R,1
NCS_0505_Y90R,0505-Y90R,NCS 0505-Y90R,1
NCS_0507_B,0507-B,NCS 0507-B,1
NCS_0507_B20G,0507-B20G,NCS 0507-B20G,1
NCS_0507_B80G,0507-B80G,NCS 0507-B80G,1
NCS_0507_G,0507-G,NCS 0507-G,1
NCS_0507_G40Y,0507-G40Y,NCS 0507-G40Y,1
NCS_0507_G80Y,0507-G80Y,NCS 0507-G80Y,1
NCS_0507_R,0507-R,NCS 0507-R,1
NCS_0507_R20B,0507-R20B,NCS 0507-R20B,1
NCS_0507_R40B,0507-R40B,NCS 0507-R40B,1
NCS_0507_R60B,0507-R60B,NCS 0507-R60B,1
NCS_0507_R80B,0507-R80B,NCS 0507-R80B,1
NCS_0507_Y,0507-Y,NCS 0507-Y,1
NCS_0507_Y20R,0507-Y20R,NCS 0507-Y20R,1
NCS_0507_Y40R,0507-Y40R,NCS 0507-Y40R,1
NCS_0507_Y60R,0507-Y60R,NCS 0507-Y60R,1
NCS_0507_Y80R,0507-Y80R,NCS 0507-Y80R,1
NCS_0510_B,0510-B,NCS 0510-B,1
NCS_0510_B10G,0510-B10G,NCS 0510-B10G,1
NCS_0510_B30G,0510-B30G,NCS 0510-B30G,1
NCS_0510_B50G,0510-B50G,NCS 0510-B50G,1
NCS_0510_B70G,0510-B70G,NCS 0510-B70G,1
NCS_0510_B90G,0510-B90G,NCS 0510-B90G,1
NCS_0510_G,0510-G,NCS 0510-G,1
NCS_0510_G10Y,0510-G10Y,NCS 0510-G10Y,1
NCS_0510_G20Y,0510-G20Y,NCS 0510-G20Y,1
NCS_0510_G30Y,0510-G30Y,NCS 0510-G30Y,1
NCS_0510_G40Y,0510-G40Y,NCS 0510-G40Y,1
NCS_0510_G50Y,0510-G50Y,NCS 0510-G50Y,1
NCS_0510_G60Y,0510-G60Y,NCS 0510-G60Y,1
NCS_0510_G70Y,0510-G70Y,NCS 0510-G70Y,1
NCS_0510_G80Y,0510-G80Y,NCS 0510-G80Y,1
NCS_0510_G90Y,0510-G90Y,NCS 0510-G90Y,1
NCS_0510_R,0510-R,NCS 0510-R,1
NCS_0510_R10B,0510-R10B,NCS 0510-R10B,1
NCS_0510_R20B,0510-R20B,NCS 0510-R20B,1
NCS_0510_R30B,0510-R30B,NCS 0510-R30B,1
NCS_0510_R40B,0510-R40B,NCS 0510-R40B,1
NCS_0510_R50B,0510-R50B,NCS 0510-R50B,1
NCS_0510_R60B,0510-R60B,NCS 0510-R60B,1
NCS_0510_R70B,0510-R70B,NCS 0510-R70B,1
NCS_0510_R80B,0510-R80B,NCS 0510-R80B,1
NCS_0510_R90B,0510-R90B,NCS 0510-R90B,1
NCS_0510_Y,0510-Y,NCS 0510-Y,1
NCS_0510_Y10R,0510-Y10R,NCS 0510-Y10R,1
NCS_0510_Y20R,0510-Y20R,NCS 0510-Y20R,1
NCS_0510_Y30R,0510-Y30R,NCS 0510-Y30R,1
NCS_0510_Y40R,0510-Y40R,NCS 0510-Y40R,1
NCS_0510_Y50R,0510-Y50R,NCS 0510-Y50R,1
NCS_0510_Y60R,0510-Y60R,NCS 0510-Y60R,1
NCS_0510_Y70R,0510-Y70R,NCS 0510-Y70R,1
NCS_0510_Y80R,0510-Y80R,NCS 0510-Y80R,1
NCS_0510_Y90R,0510-Y90R,NCS 0510-Y90R,1
NCS_0515_B,0515-B,NCS 0515-B,1
NCS_0515_B50G,0515-B50G,NCS 0515-B50G,1
NCS_0515_B80G,0515-B80G,NCS 0515-B80G,1
NCS_0515_G,0515-G,NCS 0515-G,1
NCS_0515_G20Y,0515-G20Y,NCS 0515-G20Y,1
NCS_0515_G40Y,0515-G40Y,NCS 0515-G40Y,1
NCS_0515_G60Y,0515-G60Y,NCS 0515-G60Y,1
NCS_0515_G80Y,0515-G80Y,NCS 0515-G80Y,1
NCS_0515_G90Y,0515-G90Y,NCS 0515-G90Y,1
NCS_0515_R,0515-R,NCS 0515-R,1
NCS_0515_R10B,0515-R10B,NCS 0515-R10B,1
NCS_0515_R20B,0515-R20B,NCS 0515-R20B,1
NCS_0515_R40B,0515-R40B,NCS 0515-R40B,1
NCS_0515_R60B,0515-R60B,NCS 0515-R60B,1
NCS_0515_R80B,0515-R80B,NCS 0515-R80B,1
NCS_0515_R90B,0515-R90B,NCS 0515-R90B,1
NCS_0515_Y,0515-Y,NCS 0515-Y,1
NCS_0515_Y10R,0515-Y10R,NCS 0515-Y10R,1
NCS_0515_Y20R,0515-Y20R,NCS 0515-Y20R,1
NCS_0515_Y30R,0515-Y30R,NCS 0515-Y30R,1
NCS_0515_Y40R,0515-Y40R,NCS 0515-Y40R,1
NCS_0515_Y50R,0515-Y50R,NCS 0515-Y50R,1
NCS_0515_Y60R,0515-Y60R,NCS 0515-Y60R,1
NCS_0515_Y70R,0515-Y70R,NCS 0515-Y70R,1
NCS_0515_Y80R,0515-Y80R,NCS 0515-Y80R,1
NCS_0515_Y90R,0515-Y90R,NCS 0515-Y90R,1
NCS_0520_B,0520-B,NCS 0520-B,1
NCS_0520_B10G,0520-B10G,NCS 0520-B10G,1
NCS_0520_B30G,0520-B30G,NCS 0520-B30G,1
NCS_0520_B40G,0520-B40G,NCS 0520-B40G,1
NCS_0520_B50G,0520-B50G,NCS 0520-B50G,1
NCS_0520_B60G,0520-B60G,NCS 0520-B60G,1
NCS_0520_B70G,0520-B70G,NCS 0520-B70G,1
NCS_0520_B90G,0520-B90G,NCS 0520-B90G,1
NCS_0520_G,0520-G,NCS 0520-G,1
NCS_0520_G10Y,0520-G10Y,NCS 0520-G10Y,1
NCS_0520_G20Y,0520-G20Y,NCS 0520-G20Y,1
NCS_0520_G30Y,0520-G30Y,NCS 0520-G30Y,1
NCS_0520_G40Y,0520-G40Y,NCS 0520-G40Y,1
NCS_0520_G50Y,0520-G50Y,NCS 0520-G50Y,1
NCS_0520_G60Y,0520-G60Y,NCS 0520-G60Y,1
NCS_0520_G70Y,0520-G70Y,NCS 0520-G70Y,1
NCS_0520_G80Y,0520-G80Y,NCS 0520-G80Y,1
NCS_0520_G90Y,0520-G90Y,NCS 0520-G90Y,1
NCS_0520_R,0520-R,NCS 0520-R,1
NCS_0520_R10B,0520-R10B,NCS 0520-R10B,1
NCS_0520_R20B,0520-R20B,NCS 0520-R20B,1
NCS_0520_R30B,0520-R30B,NCS 0520-R30B,1
NCS_0520_R40B,0520-R40B,NCS 0520-R40B,1
NCS_0520_R50B,0520-R50B,NCS 0520-R50B,1
NCS_0520_R60B,0520-R60B,NCS 0520-R60B,1
NCS_0520_R70B,0520-R70B,NCS 0520-R70B,1
NCS_0520_R80B,0520-R80B,NCS 0520-R80B,1
NCS_0520_R90B,0520-R90B,NCS 0520-R90B,1
NCS_0520_Y,0520-Y,NCS 0520-Y,1
NCS_0520_Y10R,0520-Y10R,NCS 0520-Y10R,1
NCS_0520_Y20R,0520-Y20R,NCS 0520-Y20R,1
NCS_0520_Y30R,0520-Y30R,NCS 0520-Y30R,1
NCS_0520_Y40R,0520-Y40R,NCS 0520-Y40R,1
NCS_0520_Y50R,0520-Y50R,NCS 0520-Y50R,1
NCS_0520_Y60R,0520-Y60R,NCS 0520-Y60R,1
NCS_0520_Y70R,0520-Y70R,NCS 0520-Y70R,1
NCS_0520_Y80R,0520-Y80R,NCS 0520-Y80R,1
NCS_0520_Y90R,0520-Y90R,NCS 0520-Y90R,1
NCS_0525_R60B,0525-R60B,NCS 0525-R60B,1
NCS_0525_R70B,0525-R70B,NCS 0525-R70B,1
NCS_0530_B,0530-B,NCS 0530-B,1
NCS_0530_B10G,0530-B10G,NCS 0530-B10G,1
NCS_0530_B30G,0530-B30G,NCS 0530-B30G,1
NCS_0530_B40G,0530-B40G,NCS 0530-B40G,1
NCS_0530_B50G,0530-B50G,NCS 0530-B50G,1
NCS_0530_B60G,0530-B60G,NCS 0530-B60G,1
NCS_0530_B70G,0530-B70G,NCS 0530-B70G,1
NCS_0530_B90G,0530-B90G,NCS 0530-B90G,1
NCS_0530_G,0530-G,NCS 0530-G,1
NCS_0530_G10Y,0530-G10Y,NCS 0530-G10Y,1
NCS_0530_G20Y,0530-G20Y,NCS 0530-G20Y,1
NCS_0530_G30Y,0530-G30Y,NCS 0530-G30Y,1
NCS_0530_G40Y,0530-G40Y,NCS 0530-G40Y,1
NCS_0530_G50Y,0530-G50Y,NCS 0530-G50Y,1
NCS_0530_G60Y,0530-G60Y,NCS 0530-G60Y,1
NCS_0530_G70Y,0530-G70Y,NCS 0530-G70Y,1
NCS_0530_G80Y,0530-G80Y,NCS 0530-G80Y,1
NCS_0530_G90Y,0530-G90Y,NCS 0530-G90Y,1
NCS_0530_R,0530-R,NCS 0530-R,1
NCS_0530_R10B,0530-R10B,NCS 0530-R10B,1
NCS_0530_R20B,0530-R20B,NCS 0530-R20B,1
NCS_0530_R30B,0530-R30B,NCS 0530-R30B,1
NCS_0530_R40B,0530-R40B,NCS 0530-R40B,1
NCS_0530_R50B,0530-R50B,NCS 0530-R50B,1
NCS_0530_R80B,0530-R80B,NCS 0530-R80B,1
NCS_0530_R90B,0530-R90B,NCS 0530-R90B,1
NCS_0530_Y,0530-Y,NCS 0530-Y,1
NCS_0530_Y10R,0530-Y10R,NCS 0530-Y10R,1
NCS_0530_Y20R,0530-Y20R,NCS 0530-Y20R,1
NCS_0530_Y30R,0530-Y30R,NCS 0530-Y30R,1
NCS_0530_Y40R,0530-Y40R,NCS 0530-Y40R,1
NCS_0530_Y50R,0530-Y50R,NCS 0530-Y50R,1
NCS_0530_Y60R,0530-Y60R,NCS 0530-Y60R,1
NCS_0530_Y70R,0530-Y70R,NCS 0530-Y70R,1
NCS_0530_Y80R,0530-Y80R,NCS 0530-Y80R,1
NCS_0530_Y90R,0530-Y90R,NCS 0530-Y90R,1
NCS_0540_B,0540-B,NCS 0540-B,1
NCS_0540_B10G,0540-B10G,NCS 0540-B10G,1
NCS_0540_B30G,0540-B30G,NCS 0540-B30G,1
NCS_0540_G,0540-G,NCS 0540-G,1
NCS_0540_G10Y,0540-G10Y,NCS 0540-G10Y,1
NCS_0540_G20Y,0540-G20Y,NCS 0540-G20Y,1
NCS_0540_G30Y,0540-G30Y,NCS 0540-G30Y,1
NCS_0540_G40Y,0540-G40Y,NCS 0540-G40Y,1
NCS_0540_G50Y,0540-G50Y,NCS 0540-G50Y,1
NCS_0540_G60Y,0540-G60Y,NCS 0540-G60Y,1
NCS_0540_G70Y,0540-G70Y,NCS 0540-G70Y,1
NCS_0540_G80Y,0540-G80Y,NCS 0540-G80Y,1
NCS_0540_G90Y,0540-G90Y,NCS 0540-G90Y,1
NCS_0540_R,0540-R,NCS 0540-R,1
NCS_0540_R10B,0540-R10B,NCS 0540-R10B,1
NCS_0540_R20B,0540-R20B,NCS 0540-R20B,1
NCS_0540_R30B,0540-R30B,NCS 0540-R30B,1
NCS_0540_R90B,0540-R90B,NCS 0540-R90B,1
NCS_0540_Y,0540-Y,NCS 0540-Y,1
NCS_0540_Y10R,0540-Y10R,NCS 0540-Y10R,1
NCS_0540_Y20R,0540-Y20R,NCS 0540-Y20R,1
NCS_0540_Y30R,0540-Y30R,NCS 0540-Y30R,1
NCS_0540_Y40R,0540-Y40R,NCS 0540-Y40R,1
NCS_0540_Y50R,0540-Y50R,NCS 0540-Y50R,1
NCS_0540_Y60R,0540-Y60R,NCS 0540-Y60R,1
NCS_0540_Y70R,0540-Y70R,NCS 0540-Y70R,1
NCS_0540_Y80R,0540-Y80R,NCS 0540-Y80R,1
NCS_0540_Y90R,0540-Y90R,NCS 0540-Y90R,1
NCS_0550_G10Y,0550-G10Y,NCS 0550-G10Y,1
NCS_0550_G20Y,0550-G20Y,NCS 0550-G20Y,1
NCS_0550_G30Y,0550-G30Y,NCS 0550-G30Y,1
NCS_0550_G40Y,0550-G40Y,NCS 0550-G40Y,1
NCS_0550_G50Y,0550-G50Y,NCS 0550-G50Y,1
NCS_0550_G60Y,0550-G60Y,NCS 0550-G60Y,1
NCS_0550_G70Y,0550-G70Y,NCS 0550-G70Y,1
NCS_0550_G80Y,0550-G80Y,NCS 0550-G80Y,1
NCS_0550_G90Y,0550-G90Y,NCS 0550-G90Y,1
NCS_0550_R,0550-R,NCS 0550-R,1
NCS_0550_R10B,0550-R10B,NCS 0550-R10B,1
NCS_0550_Y,0550-Y,NCS 0550-Y,1
NCS_0550_Y10R,0550-Y10R,NCS 0550-Y10R,1
NCS_0550_Y20R,0550-Y20R,NCS 0550-Y20R,1
NCS_0550_Y30R,0550-Y30R,NCS 0550-Y30R,1
NCS_0550_Y40R,0550-Y40R,NCS 0550-Y40R,1
NCS_0550_Y50R,0550-Y50R,NCS 0550-Y50R,1
NCS_0550_Y60R,0550-Y60R,NCS 0550-Y60R,1
NCS_0550_Y70R,0550-Y70R,NCS 0550-Y70R,1
NCS_0550_Y80R,0550-Y80R,NCS 0550-Y80R,1
NCS_0550_Y90R,0550-Y90R,NCS 0550-Y90R,1
NCS_0560_G10Y,0560-G10Y,NCS 0560-G10Y,1
NCS_0560_G20Y,0560-G20Y,NCS 0560-G20Y,1
NCS_0560_G30Y,0560-G30Y,NCS 0560-G30Y,1
NCS_0560_G40Y,0560-G40Y,NCS 0560-G40Y,1
NCS_0560_G50Y,0560-G50Y,NCS 0560-G50Y,1
NCS_0560_G60Y,0560-G60Y,NCS 0560-G60Y,1
NCS_0560_G70Y,0560-G70Y,NCS 0560-G70Y,1
NCS_0560_G80Y,0560-G80Y,NCS 0560-G80Y,1
NCS_0560_G90Y,0560-G90Y,NCS 0560-G90Y,1
NCS_0560_R,0560-R,NCS 0560-R,1
NCS_0560_Y,0560-Y,NCS 0560-Y,1
NCS_0560_Y10R,0560-Y10R,NCS 0560-Y10R,1
NCS_0560_Y20R,0560-Y20R,NCS 0560-Y20R,1
NCS_0560_Y30R,0560-Y30R,NCS 0560-Y30R,1
NCS_0560_Y40R,0560-Y40R,NCS 0560-Y40R,1
NCS_0560_Y50R,0560-Y50R,NCS 0560-Y50R,1
NCS_0560_Y60R,0560-Y60R,NCS 0560-Y60R,1
NCS_0560_Y70R,0560-Y70R,NCS 0560-Y70R,1
NCS_0560_Y80R,0560-Y80R,NCS 0560-Y80R,1
NCS_0560_Y90R,0560-Y90R,NCS 0560-Y90R,1
NCS_0565_G10Y,0565-G10Y,NCS 0565-G10Y,1
NCS_0565_G50Y,0565-G50Y,NCS 0565-G50Y,1
NCS_0565_R,0565-R,NCS 0565-R,1
NCS_0570_G20Y,0570-G20Y,NCS 0570-G20Y,1
NCS_0570_G30Y,0570-G30Y,NCS 0570-G30Y,1
NCS_0570_G40Y,0570-G40Y,NCS 0570-G40Y,1
NCS_0570_G60Y,0570-G60Y,NCS 0570-G60Y,1
NCS_0570_G70Y,0570-G70Y,NCS 0570-G70Y,1
NCS_0570_G80Y,0570-G80Y,NCS 0570-G80Y,1
NCS_0570_G90Y,0570-G90Y,NCS 0570-G90Y,1
NCS_0570_Y,0570-Y,NCS 0570-Y,1
NCS_0570_Y10R,0570-Y10R,NCS 0570-Y10R,1
NCS_0570_Y20R,0570-Y20R,NCS 0570-Y20R,1
NCS_0570_Y30R,0570-Y30R,NCS 0570-Y30R,1
NCS_0570_Y40R,0570-Y40R,NCS 0570-Y40R,1
NCS_0570_Y50R,0570-Y50R,NCS 0570-Y50R,1
NCS_0570_Y60R,0570-Y60R,NCS 0570-Y60R,1
NCS_0570_Y70R,0570-Y70R,NCS 0570-Y70R,1
NCS_0570_Y80R,0570-Y80R,NCS 0570-Y80R,1
NCS_0570_Y90R,0570-Y90R,NCS 0570-Y90R,1
NCS_0575_G20Y,0575-G20Y,NCS 0575-G20Y,1
NCS_0575_G40Y,0575-G40Y,NCS 0575-G40Y,1
NCS_0575_G60Y,0575-G60Y,NCS 0575-G60Y,1
NCS_0575_G70Y,0575-G70Y,NCS 0575-G70Y,1
NCS_0575_G90Y,0575-G90Y,NCS 0575-G90Y,1
NCS_0580_G30Y,0580-G30Y,NCS 0580-G30Y,1
NCS_0580_Y,0580-Y,NCS 0580-Y,1
NCS_0580_Y10R,0580-Y10R,NCS 0580-Y10R,1
NCS_0580_Y20R,0580-Y20R,NCS 0580-Y20R,1
NCS_0580_Y30R,0580-Y30R,NCS 0580-Y30R,1
NCS_0580_Y40R,0580-Y40R,NCS 0580-Y40R,1
NCS_0580_Y50R,0580-Y50R,NCS 0580-Y50R,1
NCS_0580_Y60R,0580-Y60R,NCS 0580-Y60R,1
NCS_0580_Y70R,0580-Y70R,NCS 0580-Y70R,1
NCS_0580_Y80R,0580-Y80R,NCS 0580-Y80R,1
NCS_0580_Y90R,0580-Y90R,NCS 0580-Y90R,1
NCS_0585_Y20R,0585-Y20R,NCS 0585-Y20R,1
NCS_0585_Y30R,0585-Y30R,NCS 0585-Y30R,1
NCS_0585_Y40R,0585-Y40R,NCS 0585-Y40R,1
NCS_0585_Y50R,0585-Y50R,NCS 0585-Y50R,1
NCS_0585_Y60R,0585-Y60R,NCS 0585-Y60R,1
NCS_0585_Y70R,0585-Y70R,NCS 0585-Y70R,1
NCS_0585_Y80R,0585-Y80R,NCS 0585-Y80R,1
NCS_0603_G40Y,0603-G40Y,NCS 0603-G40Y,1
NCS_0603_G80Y,0603-G80Y,NCS 0603-G80Y,1
NCS_0603_R20B,0603-R20B,NCS 0603-R20B,1
NCS_0603_R40B,0603-R40B,NCS 0603-R40B,1
NCS_0603_R60B,0603-R60B,NCS 0603-R60B,1
NCS_0603_R80B,0603-R80B,NCS 0603-R80B,1
NCS_0603_Y20R,0603-Y20R,NCS 0603-Y20R,1
NCS_0603_Y40R,0603-Y40R,NCS 0603-Y40R,1
NCS_0603_Y60R,0603-Y60R,NCS 0603-Y60R,1
NCS_0603_Y80R,0603-Y80R,NCS 0603-Y80R,1
NCS_0804_B50G,0804-B50G,NCS 0804-B50G,1
NCS_0804_G20Y,0804-G20Y,NCS 0804-G20Y,1
NCS_0804_G60Y,0804-G60Y,NCS 0804-G60Y,1
NCS_0804_G90Y,0804-G90Y,NCS 0804-G90Y,1
NCS_0804_R10B,0804-R10B,NCS 0804-R10B,1
NCS_0804_R30B,0804-R30B,NCS 0804-R30B,1
NCS_0804_R50B,0804-R50B,NCS 0804-R50B,1
NCS_0804_R70B,0804-R70B,NCS 0804-R70B,1
NCS_0804_R90B,0804-R90B,NCS 0804-R90B,1
NCS_0804_Y10R,0804-Y10R,NCS 0804-Y10R,1
NCS_0804_Y30R,0804-Y30R,NCS 0804-Y30R,1
NCS_0804_Y50R,0804-Y50R,NCS 0804-Y50R,1
NCS_0804_Y70R,0804-Y70R,NCS 0804-Y70R,1
NCS_0804_Y90R,0804-Y90R,NCS 0804-Y90R,1
NCS_0907_B20G,0907-B20G,NCS 0907-B20G,1
NCS_0907_B80G,0907-B80G,NCS 0907-B80G,1
NCS_0907_G20Y,0907-G20Y,NCS 0907-G20Y,1
NCS_0907_G60Y,0907-G60Y,NCS 0907-G60Y,1
NCS_0907_G90Y,0907-G90Y,NCS 0907-G90Y,1
NCS_0907_R10B,0907-R10B,NCS 0907-R10B,1
NCS_0907_R30B,0907-R30B,NCS 0907-R30B,1
NCS_0907_R50B,0907-R50B,NCS 0907-R50B,1
NCS_0907_R70B,0907-R70B,NCS 0907-R70B,1
NCS_0907_R90B,0907-R90B,NCS 0907-R90B,1
NCS_0907_Y10R,0907-Y10R,NCS 0907-Y10R,1
NCS_0907_Y30R,0907-Y30R,NCS 0907-Y30R,1
NCS_0907_Y50R,0907-Y50R,NCS 0907-Y50R,1
NCS_0907_Y70R,0907-Y70R,NCS 0907-Y70R,1
NCS_0907_Y90R,0907-Y90R,NCS 0907-Y90R,1
NCS_1000_N,1000-N,NCS 1000-N,1
NCS_1002_B,1002-B,NCS 1002-B,1
NCS_1002_B50G,1002-B50G,NCS 1002-B50G,1
NCS_1002_G,1002-G,NCS 1002-G,1
NCS_1002_G50Y,1002-G50Y,NCS 1002-G50Y,1
NCS_1002_R,1002-R,NCS 1002-R,1
NCS_1002_R50B,1002-R50B,NCS 1002-R50B,1
NCS_1002_Y,1002-Y,NCS 1002-Y,1
NCS_1002_Y50R,1002-Y50R,NCS 1002-Y50R,1
NCS_1005_B,1005-B,NCS 1005-B,1
NCS_1005_B20G,1005-B20G,NCS 1005-B20G,1
NCS_1005_B50G,1005-B50G,NCS 1005-B50G,1
NCS_1005_B80G,1005-B80G,NCS 1005-B80G,1
NCS_1005_G,1005-G,NCS 1005-G,1
NCS_1005_G10Y,1005-G10Y,NCS 1005-G10Y,1
NCS_1005_G20Y,1005-G20Y,NCS 1005-G20Y,1
NCS_1005_G30Y,1005-G30Y,NCS 1005-G30Y,1
NCS_1005_G40Y,1005-G40Y,NCS 1005-G40Y,1
NCS_1005_G50Y,1005-G50Y,NCS 1005-G50Y,1
NCS_1005_G60Y,1005-G60Y,NCS 1005-G60Y,1
NCS_1005_G70Y,1005-G70Y,NCS 1005-G70Y,1
NCS_1005_G80Y,1005-G80Y,NCS 1005-G80Y,1
NCS_1005_G90Y,1005-G90Y,NCS 1005-G90Y,1
NCS_1005_R,1005-R,NCS 1005-R,1
NCS_1005_R10B,1005-R10B,NCS 1005-R10B,1
NCS_1005_R20B,1005-R20B,NCS 1005-R20B,1
NCS_1005_R30B,1005-R30B,NCS 1005-R30B,1
NCS_1005_R40B,1005-R40B,NCS 1005-R40B,1
NCS_1005_R50B,1005-R50B,NCS 1005-R50B,1
NCS_1005_R60B,1005-R60B,NCS 1005-R60B,1
NCS_1005_R70B,1005-R70B,NCS 1005-R70B,1
NCS_1005_R80B,1005-R80B,NCS 1005-R80B,1
NCS_1005_R90B,1005-R90B,NCS 1005-R90B,1
NCS_1005_Y,1005-Y,NCS 1005-Y,1
NCS_1005_Y10R,1005-Y10R,NCS 1005-Y10R,1
NCS_1005_Y20R,1005-Y20R,NCS 1005-Y20R,1
NCS_1005_Y30R,1005-Y30R,NCS 1005-Y30R,1
NCS_1005_Y40R,1005-Y40R,NCS 1005-Y40R,1
NCS_1005_Y50R,1005-Y50R,NCS 1005-Y50R,1
NCS_1005_Y60R,1005-Y60R,NCS 1005-Y60R,1
NCS_1005_Y70R,1005-Y70R,NCS 1005-Y70R,1
NCS_1005_Y80R,1005-Y80R,NCS 1005-Y80R,1
NCS_1005_Y90R,1005-Y90R,NCS 1005-Y90R,1
NCS_1010_B,1010-B,NCS 1010-B,1
NCS_1010_B10G,1010-B10G,NCS 1010-B10G,1
NCS_1010_B30G,1010-B30G,NCS 1010-B30G,1
NCS_1010_B50G,1010-B50G,NCS 1010-B50G,1
NCS_1010_B70G,1010-B70G,NCS 1010-B70G,1
NCS_1010_B90G,1010-B90G,NCS 1010-B90G,1
NCS_1010_G,1010-G,NCS 1010-G,1
NCS_1010_G10Y,1010-G10Y,NCS 1010-G10Y,1
NCS_1010_G20Y,1010-G20Y,NCS 1010-G20Y,1
NCS_1010_G30Y,1010-G30Y,NCS 1010-G30Y,1
NCS_1010_G40Y,1010-G40Y,NCS 1010-G40Y,1
NCS_1010_G50Y,1010-G50Y,NCS 1010-G50Y,1
NCS_1010_G60Y,1010-G60Y,NCS 1010-G60Y,1
NCS_1010_G70Y,1010-G70Y,NCS 1010-G70Y,1
NCS_1010_G80Y,1010-G80Y,NCS 1010-G80Y,1
NCS_1010_G90Y,1010-G90Y,NCS 1010-G90Y,1
NCS_1010_R,1010-R,NCS 1010-R,1
NCS_1010_R10B,1010-R10B,NCS 1010-R10B,1
NCS_1010_R20B,1010-R20B,NCS 1010-R20B,1
NCS_1010_R30B,1010-R30B,NCS 1010-R30B,1
NCS_1010_R40B,1010-R40B,NCS 1010-R40B,1
NCS_1010_R50B,1010-R50B,NCS 1010-R50B,1
NCS_1010_R60B,1010-R60B,NCS 1010-R60B,1
NCS_1010_R70B,1010-R70B,NCS 1010-R70B,1
NCS_1010_R80B,1010-R80B,NCS 1010-R80B,1
NCS_1010_R90B,1010-R90B,NCS 1010-R90B,1
NCS_1010_Y,1010-Y,NCS 1010-Y,1
NCS_1010_Y10R,1010-Y10R,NCS 1010-Y10R,1
NCS_1010_Y20R,1010-Y20R,NCS 1010-Y20R,1
NCS_1010_Y30R,1010-Y30R,NCS 1010-Y30R,1
NCS_1010_Y40R,1010-Y40R,NCS 1010-Y40R,1
NCS_1010_Y50R,1010-Y50R,NCS 1010-Y50R,1
NCS_1010_Y60R,1010-Y60R,NCS 1010-Y60R,1
NCS_1010_Y70R,1010-Y70R,NCS 1010-Y70R,1
NCS_1010_Y80R,1010-Y80R,NCS 1010-Y80R,1
NCS_1010_Y90R,1010-Y90R,NCS 1010-Y90R,1
NCS_1015_B,1015-B,NCS 1015-B,1
NCS_1015_B20G,1015-B20G,NCS 1015-B20G,1
NCS_1015_B50G,1015-B50G,NCS 1015-B50G,1
NCS_1015_B80G,1015-B80G,NCS 1015-B80G,1
NCS_1015_G,1015-G,NCS 1015-G,1
NCS_1015_G20Y,1015-G20Y,NCS 1015-G20Y,1
NCS_1015_G40Y,1015-G40Y,NCS 1015-G40Y,1
NCS_1015_G60Y,1015-G60Y,NCS 1015-G60Y,1
NCS_1015_G80Y,1015-G80Y,NCS 1015-G80Y,1
NCS_1015_G90Y,1015-G90Y,NCS 1015-G90Y,1
NCS_1015_R,1015-R,NCS 1015-R,1
NCS_1015_R10B,1015-R10B,NCS 1015-R10B,1
NCS_1015_R20B,1015-R20B,NCS 1015-R20B,1
NCS_1015_R40B,1015-R40B,NCS 1015-R40B,1
NCS_1015_R60B,1015-R60B,NCS 1015-R60B,1
NCS_1015_R80B,1015-R80B,NCS 1015-R80B,1
NCS_1015_R90B,1015-R90B,NCS 1015-R90B,1
NCS_1015_Y,1015-Y,NCS 1015-Y,1
NCS_1015_Y10R,1015-Y10R,NCS 1015-Y10R,1
NCS_1015_Y20R,1015-Y20R,NCS 1015-Y20R,1
NCS_1015_Y30R,1015-Y30R,NCS 1015-Y30R,1
NCS_1015_Y40R,1015-Y40R,NCS 1015-Y40R,1
NCS_1015_Y50R,1015-Y50R,NCS 1015-Y50R,1
NCS_1015_Y60R,1015-Y60R,NCS 1015-Y60R,1
NCS_1015_Y70Y,1015-Y70Y,NCS 1015-Y70Y,1
NCS_1015_Y80R,1015-Y80R,NCS 1015-Y80R,1
NCS_1015_Y90R,1015-Y90R,NCS 1015-Y90R,1
NCS_1020_B,1020-B,NCS 1020-B,1
NCS_1020_B30G,1020-B30G,NCS 1020-B30G,1
NCS_1020_B40G,1020-B40G,NCS 1020-B40G,1
NCS_1020_B50G,1020-B50G,NCS 1020-B50G,1
NCS_1020_B60G,1020-B60G,NCS 1020-B60G,1
NCS_1020_B70G,1020-B70G,NCS 1020-B70G,1
NCS_1020_B90G,1020-B90G,NCS 1020-B90G,1
NCS_1020_G,1020-G,NCS 1020-G,1
NCS_1020_G10Y,1020-G10Y,NCS 1020-G10Y,1
NCS_1020_G20Y,1020-G20Y,NCS 1020-G20Y,1
NCS_1020_G30Y,1020-G30Y,NCS 1020-G30Y,1
NCS_1020_G40Y,1020-G40Y,NCS 1020-G40Y,1
NCS_1020_G50Y,1020-G50Y,NCS 1020-G50Y,1
NCS_1020_G60Y,1020-G60Y,NCS 1020-G60Y,1
NCS_1020_G70Y,1020-G70Y,NCS 1020-G70Y,1
NCS_1020_G80Y,1020-G80Y,NCS 1020-G80Y,1
NCS_1020_G90Y,1020-G90Y,NCS 1020-G90Y,1
NCS_1020_R,1020-R,NCS 1020-R,1
NCS_1020_R10B,1020-R10B,NCS 1020-R10B,1
NCS_1020_R20B,1020-R20B,NCS 1020-R20B,1
NCS_1020_R30B,1020-R30B,NCS 1020-R30B,1
NCS_1020_R40B,1020-R40B,NCS 1020-R40B,1
NCS_1020_R50B,1020-R50B,NCS 1020-R50B,1
NCS_1020_R60B,1020-R60B,NCS 1020-R60B,1
NCS_1020_R70B,1020-R70B,NCS 1020-R70B,1
NCS_1020_R80B,1020-R80B,NCS 1020-R80B,1
NCS_1020_R90B,1020-R90B,NCS 1020-R90B,1
NCS_1020_Y,1020-Y,NCS 1020-Y,1
NCS_1020_Y10R,1020-Y10R,NCS 1020-Y10R,1
NCS_1020_Y20R,1020-Y20R,NCS 1020-Y20R,1
NCS_1020_Y30R,1020-Y30R,NCS 1020-Y30R,1
NCS_1020_Y40R,1020-Y40R,NCS 1020-Y40R,1
NCS_1020_Y50R,1020-Y50R,NCS 1020-Y50R,1
NCS_1020_Y60R,1020-Y60R,NCS 1020-Y60R,1
NCS_1020_Y70R,1020-Y70R,NCS 1020-Y70R,1
NCS_1020_Y80R,1020-Y80R,NCS 1020-Y80R,1
NCS_1020_Y90R,1020-Y90R,NCS 1020-Y90R,1
NCS_1030_B,1030-B,NCS 1030-B,1
NCS_1030_B10G,1030-B10G,NCS 1030-B10G,1
NCS_1030_B30G,1030-B30G,NCS 1030-B30G,1
NCS_1030_B40G,1030-B40G,NCS 1030-B40G,1
NCS_1030_B50G,1030-B50G,NCS 1030-B50G,1
NCS_1030_B60G,1030-B60G,NCS 1030-B60G,1
NCS_1030_B70G,1030-B70G,NCS 1030-B70G,1
NCS_1030_B90G,1030-B90G,NCS 1030-B90G,1
NCS_1030_G,1030-G,NCS 1030-G,1
NCS_1030_G10Y,1030-G10Y,NCS 1030-G10Y,1
NCS_1030_G20Y,1030-G20Y,NCS 1030-G20Y,1
NCS_1030_G30Y,1030-G30Y,NCS 1030-G30Y,1
NCS_1030_G40Y,1030-G40Y,NCS 1030-G40Y,1
NCS_1030_G50Y,1030-G50Y,NCS 1030-G50Y,1
NCS_1030_G60Y,1030-G60Y,NCS 1030-G60Y,1
NCS_1030_G70Y,1030-G70Y,NCS 1030-G70Y,1
NCS_1030_G80Y,1030-G80Y,NCS 1030-G80Y,1
NCS_1030_G90Y,1030-G90Y,NCS 1030-G90Y,1
NCS_1030_R,1030-R,NCS 1030-R,1
NCS_1030_R10B,1030-R10B,NCS 1030-R10B,1
NCS_1030_R20B,1030-R20B,NCS 1030-R20B,1
NCS_1030_R30B,1030-R30B,NCS 1030-R30B,1
NCS_1030_R40B,1030-R40B,NCS 1030-R40B,1
NCS_1030_R50B,1030-R50B,NCS 1030-R50B,1
NCS_1030_R60B,1030-R60B,NCS 1030-R60B,1
NCS_1030_R70B,1030-R70B,NCS 1030-R70B,1
NCS_1030_R80B,1030-R80B,NCS 1030-R80B,1
NCS_1030_R90B,1030-R90B,NCS 1030-R90B,1
NCS_1030_Y,1030-Y,NCS 1030-Y,1
NCS_1030_Y10R,1030-Y10R,NCS 1030-Y10R,1
NCS_1030_Y20R,1030-Y20R,NCS 1030-Y20R,1
NCS_1030_Y30R,1030-Y30R,NCS 1030-Y30R,1
NCS_1030_Y40R,1030-Y40R,NCS 1030-Y40R,1
NCS_1030_Y50R,1030-Y50R,NCS 1030-Y50R,1
NCS_1030_Y60R,1030-Y60R,NCS 1030-Y60R,1
NCS_1030_Y70R,1030-Y70R,NCS 1030-Y70R,1
NCS_1030_Y80R,1030-Y80R,NCS 1030-Y80R,1
NCS_1030_Y90R,1030-Y90R,NCS 1030-Y90R,1
NCS_1040_B,1040-B,NCS 1040-B,1
NCS_1040_B10G,1040-B10G,NCS 1040-B10G,1
NCS_1040_B20G,1040-B20G,NCS 1040-B20G,1
NCS_1040_B30G,1040-B30G,NCS 1040-B30G,1
NCS_1040_B40G,1040-B40G,NCS 1040-B40G,1
NCS_1040_B50G,1040-B50G,NCS 1040-B50G,1
NCS_1040_B60G,1040-B60G,NCS 1040-B60G,1
NCS_1040_B70G,1040-B70G,NCS 1040-B70G,1
NCS_1040_B80G,1040-B80G,NCS 1040-B80G,1
NCS_1040_B90G,1040-B90G,NCS 1040-B90G,1
NCS_1040_G,1040-G,NCS 1040-G,1
NCS_1040_G10Y,1040-G10Y,NCS 1040-G10Y,1
NCS_1040_G20Y,1040-G20Y,NCS 1040-G20Y,1
NCS_1040_G30Y,1040-G30Y,NCS 1040-G30Y,1
NCS_1040_G40Y,1040-G40Y,NCS 1040-G40Y,1
NCS_1040_G50Y,1040-G50Y,NCS 1040-G50Y,1
NCS_1040_G60Y,1040-G60Y,NCS 1040-G60Y,1
NCS_1040_G70Y,1040-G70Y,NCS 1040-G70Y,1
NCS_1040_G80Y,1040-G80Y,NCS 1040-G80Y,1
NCS_1040_G90Y,1040-G90Y,NCS 1040-G90Y,1
NCS_1040_R,1040-R,NCS 1040-R,1
NCS_1040_R10B,1040-R10B,NCS 1040-R10B,1
NCS_1040_R20B,1040-R20B,NCS 1040-R20B,1
NCS_1040_R30B,1040-R30B,NCS 1040-R30B,1
NCS_1040_R40B,1040-R40B,NCS 1040-R40B,1
NCS_1040_R50B,1040-R50B,NCS 1040-R50B,1
NCS_1040_R60B,1040-R60B,NCS 1040-R60B,1
NCS_1040_R70B,1040-R70B,NCS 1040-R70B,1
NCS_1040_R80B,1040-R80B,NCS 1040-R80B,1
NCS_1040_R90B,1040-R90B,NCS 1040-R90B,1
NCS_1040_Y,1040-Y,NCS 1040-Y,1
NCS_1040_Y10R,1040-Y10R,NCS 1040-Y10R,1
NCS_1040_Y20R,1040-Y20R,NCS 1040-Y20R,1
NCS_1040_Y30R,1040-Y30R,NCS 1040-Y30R,1
NCS_1040_Y40R,1040-Y40R,NCS 1040-Y40R,1
NCS_1040_Y50R,1040-Y50R,NCS 1040-Y50R,1
NCS_1040_Y60R,1040-Y60R,NCS 1040-Y60R,1
NCS_1040_Y70R,1040-Y70R,NCS 1040-Y70R,1
NCS_1040_Y80R,1040-Y80R,NCS 1040-Y80R,1
NCS_1040_Y90R,1040-Y90R,NCS 1040-Y90R,1
NCS_1050_B,1050-B,NCS 1050-B,1
NCS_1050_B10G,1050-B10G,NCS 1050-B10G,1
NCS_1050_B20G,1050-B20G,NCS 1050-B20G,1
NCS_1050_B30G,1050-B30G,NCS 1050-B30G,1
NCS_1050_B40G,1050-B40G,NCS 1050-B40G,1
NCS_1050_B50G,1050-B50G,NCS 1050-B50G,1
NCS_1050_B60G,1050-B60G,NCS 1050-B60G,1
NCS_1050_B70G,1050-B70G,NCS 1050-B70G,1
NCS_1050_B80G,1050-B80G,NCS 1050-B80G,1
NCS_1050_B90G,1050-B90G,NCS 1050-B90G,1
NCS_1050_G,1050-G,NCS 1050-G,1
NCS_1050_G10Y,1050-G10Y,NCS 1050-G10Y,1
NCS_1050_G20Y,1050-G20Y,NCS 1050-G20Y,1
NCS_1050_G30Y,1050-G30Y,NCS 1050-G30Y,1
NCS_1050_G40Y,1050-G40Y,NCS 1050-G40Y,1
NCS_1050_G50Y,1050-G50Y,NCS 1050-G50Y,1
NCS_1050_G60Y,1050-G60Y,NCS 1050-G60Y,1
NCS_1050_G70Y,1050-G70Y,NCS 1050-G70Y,1
NCS_1050_G80Y,1050-G80Y,NCS 1050-G80Y,1
NCS_1050_G90Y,1050-G90Y,NCS 1050-G90Y,1
NCS_1050_R,1050-R,NCS 1050-R,1
NCS_1050_R10B,1050-R10B,NCS 1050-R10B,1
NCS_1050_R20B,1050-R20B,NCS 1050-R20B,1
NCS_1050_R30B,1050-R30B,NCS 1050-R30B,1
NCS_1050_R40B,1050-R40B,NCS 1050-R40B,1
NCS_1050_R90B,1050-R90B,NCS 1050-R90B,1
NCS_1050_Y,1050-Y,NCS 1050-Y,1
NCS_1050_Y10R,1050-Y10R,NCS 1050-Y10R,1
NCS_1050_Y20R,1050-Y20R,NCS 1050-Y20R,1
NCS_1050_Y30R,1050-Y30R,NCS 1050-Y30R,1
NCS_1050_Y40R,1050-Y40R,NCS 1050-Y40R,1
NCS_1050_Y50R,1050-Y50R,NCS 1050-Y50R,1
NCS_1050_Y60R,1050-Y60R,NCS 1050-Y60R,1
NCS_1050_Y70R,1050-Y70R,NCS 1050-Y70R,1
NCS_1050_Y80R,1050-Y80R,NCS 1050-Y80R,1
NCS_1050_Y90R,1050-Y90R,NCS 1050-Y90R,1
NCS_1055_B90G,1055-B90G,NCS 1055-B90G,1
NCS_1060_G,1060-G,NCS 1060-G,1
NCS_1060_G10Y,1060-G10Y,NCS 1060-G10Y,1
NCS_1060_G20Y,1060-G20Y,NCS 1060-G20Y,1
NCS_1060_G30Y,1060-G30Y,NCS 1060-G30Y,1
NCS_1060_G40Y,1060-G40Y,NCS 1060-G40Y,1
NCS_1060_G50Y,1060-G50Y,NCS 1060-G50Y,1
NCS_1060_G60Y,1060-G60Y,NCS 1060-G60Y,1
NCS_1060_G70Y,1060-G70Y,NCS 1060-G70Y,1
NCS_1060_G80Y,1060-G80Y,NCS 1060-G80Y,1
NCS_1060_G90Y,1060-G90Y,NCS 1060-G90Y,1
NCS_1060_R,1060-R,NCS 1060-R,1
NCS_1060_R10B,1060-R10B,NCS 1060-R10B,1
NCS_1060_R20B,1060-R20B,NCS 1060-R20B,1
NCS_1060_R30B,1060-R30B,NCS 1060-R30B,1
NCS_1060_Y,1060-Y,NCS 1060-Y,1
NCS_1060_Y10R,1060-Y10R,NCS 1060-Y10R,1
NCS_1060_Y20R,1060-Y20R,NCS 1060-Y20R,1
NCS_1060_Y30R,1060-Y30R,NCS 1060-Y30R,1
NCS_1060_Y40R,1060-Y40R,NCS 1060-Y40R,1
NCS_1060_Y50R,1060-Y50R,NCS 1060-Y50R,1
NCS_1060_Y60R,1060-Y60R,NCS 1060-Y60R,1
NCS_1060_Y70R,1060-Y70R,NCS 1060-Y70R,1
NCS_1060_Y80R,1060-Y80R,NCS 1060-Y80R,1
NCS_1060_Y90R,1060-Y90R,NCS 1060-Y90R,1
NCS_1070_G10Y,1070-G10Y,NCS 1070-G10Y,1
NCS_1070_G20Y,1070-G20Y,NCS 1070-G20Y,1
NCS_1070_G30Y,1070-G30Y,NCS 1070-G30Y,1
NCS_1070_G40Y,1070-G40Y,NCS 1070-G40Y,1
NCS_1070_G50Y,1070-G50Y,NCS 1070-G50Y,1
NCS_1070_G60Y,1070-G60Y,NCS 1070-G60Y,1
NCS_1070_G70Y,1070-G70Y,NCS 1070-G70Y,1
NCS_1070_G80Y,1070-G80Y,NCS 1070-G80Y,1
NCS_1070_G90Y,1070-G90Y,NCS 1070-G90Y,1
NCS_1070_R,1070-R,NCS 1070-R,1
NCS_1070_R10B,1070-R10B,NCS 1070-R10B,1
NCS_1070_R20B,1070-R20B,NCS 1070-R20B,1
NCS_1070_Y,1070-Y,NCS 1070-Y,1
NCS_1070_Y10R,1070-Y10R,NCS 1070-Y10R,1
NCS_1070_Y20R,1070-Y20R,NCS 1070-Y20R,1
NCS_1070_Y30R,1070-Y30R,NCS 1070-Y30R,1
NCS_1070_Y40R,1070-Y40R,NCS 1070-Y40R,1
NCS_1070_Y50R,1070-Y50R,NCS 1070-Y50R,1
NCS_1070_Y60R,1070-Y60R,NCS 1070-Y60R,1
NCS_1070_Y70R,1070-Y70R,NCS 1070-Y70R,1
NCS_1070_Y80R,1070-Y80R,NCS 1070-Y80R,1
NCS_1070_Y90R,1070-Y90R,NCS 1070-Y90R,1
NCS_1075_G20Y,1075-G20Y,NCS 1075-G20Y,1
NCS_1075_G40Y,1075-G40Y,NCS 1075-G40Y,1
NCS_1075_G50Y,1075-G50Y,NCS 1075-G50Y,1
NCS_1075_G60Y,1075-G60Y,NCS 1075-G60Y,1
NCS_1075_G70Y,1075-G70Y,NCS 1075-G70Y,1
NCS_1075_G80Y,1075-G80Y,NCS 1075-G80Y,1
NCS_1075_G90Y,1075-G90Y,NCS 1075-G90Y,1
NCS_1080_G30Y,1080-G30Y,NCS 1080-G30Y,1
NCS_1080_R,1080-R,NCS 1080-R,1
NCS_1080_Y,1080-Y,NCS 1080-Y,1
NCS_1080_Y10R,1080-Y10R,NCS 1080-Y10R,1
NCS_1080_Y20R,1080-Y20R,NCS 1080-Y20R,1
NCS_1080_Y30R,1080-Y30R,NCS 1080-Y30R,1
NCS_1080_Y40R,1080-Y40R,NCS 1080-Y40R,1
NCS_1080_Y50R,1080-Y50R,NCS 1080-Y50R,1
NCS_1080_Y60R,1080-Y60R,NCS 1080-Y60R,1
NCS_1080_Y70R,1080-Y70R,NCS 1080-Y70R,1
NCS_1080_Y80R,1080-Y80R,NCS 1080-Y80R,1
NCS_1080_Y90R,1080-Y90R,NCS 1080-Y90R,1
NCS_1085_Y80R,1085-Y80R,NCS 1085-Y80R,1
NCS_1085_Y90R,1085-Y90R,NCS 1085-Y90R,1
NCS_1500_N,1500-N,NCS 1500-N,1
NCS_1502_B,1502-B,NCS 1502-B,1
NCS_1502_B50G,1502-B50G,NCS 1502-B50G,1
NCS_1502_G,1502-G,NCS 1502-G,1
NCS_1502_G50Y,1502-G50Y,NCS 1502-G50Y,1
NCS_1502_R,1502-R,NCS 1502-R,1
NCS_1502_R50B,1502-R50B,NCS 1502-R50B,1
NCS_1502_Y,1502-Y,NCS 1502-Y,1
NCS_1502_Y50R,1502-Y50R,NCS 1502-Y50R,1
NCS_1505_G80Y,1505-G80Y,NCS 1505-G80Y,1
NCS_1505_G90Y,1505-G90Y,NCS 1505-G90Y,1
NCS_1505_Y,1505-Y,NCS 1505-Y,1
NCS_1505_Y10R,1505-Y10R,NCS 1505-Y10R,1
NCS_1505_Y20R,1505-Y20R,NCS 1505-Y20R,1
NCS_1505_Y30R,1505-Y30R,NCS 1505-Y30R,1
NCS_1505_Y40R,1505-Y40R,NCS 1505-Y40R,1
NCS_1505_Y50R,1505-Y50R,NCS 1505-Y50R,1
NCS_1505_Y60R,1505-Y60R,NCS 1505-Y60R,1
NCS_1505_Y70R,1505-Y70R,NCS 1505-Y70R,1
NCS_1505_Y80R,1505-Y80R,NCS 1505-Y80R,1
NCS_1505_Y90R,1505-Y90R,NCS 1505-Y90R,1
NCS_1510_B,1510-B,NCS 1510-B,1
NCS_1510_B20G,1510-B20G,NCS 1510-B20G,1
NCS_1510_B50G,1510-B50G,NCS 1510-B50G,1
NCS_1510_B80G,1510-B80G,NCS 1510-B80G,1
NCS_1510_G,1510-G,NCS 1510-G,1
NCS_1510_G20Y,1510-G20Y,NCS 1510-G20Y,1
NCS_1510_G40Y,1510-G40Y,NCS 1510-G40Y,1
NCS_1510_G60Y,1510-G60Y,NCS 1510-G60Y,1
NCS_1510_G80Y,1510-G80Y,NCS 1510-G80Y,1
NCS_1510_G90Y,1510-G90Y,NCS 1510-G90Y,1
NCS_1510_R,1510-R,NCS 1510-R,1
NCS_1510_R10B,1510-R10B,NCS 1510-R10B,1
NCS_1510_R20B,1510-R20B,NCS 1510-R20B,1
NCS_1510_R40B,1510-R40B,NCS 1510-R40B,1
NCS_1510_R60B,1510-R60B,NCS 1510-R60B,1
NCS_1510_R80B,1510-R80B,NCS 1510-R80B,1
NCS_1510_R90B,1510-R90B,NCS 1510-R90B,1
NCS_1510_Y,1510-Y,NCS 1510-Y,1
NCS_1510_Y10R,1510-Y10R,NCS 1510-Y10R,1
NCS_1510_Y20R,1510-Y20R,NCS 1510-Y20R,1
NCS_1510_Y30R,1510-Y30R,NCS 1510-Y30R,1
NCS_1510_Y40R,1510-Y40R,NCS 1510-Y40R,1
NCS_1510_Y50R,1510-Y50R,NCS 1510-Y50R,1
NCS_1510_Y60R,1510-Y60R,NCS 1510-Y60R,1
NCS_1510_Y70R,1510-Y70R,NCS 1510-Y70R,1
NCS_1510_Y80R,1510-Y80R,NCS 1510-Y80R,1
NCS_1510_Y90R,1510-Y90R,NCS 1510-Y90R,1
NCS_1515_B,1515-B,NCS 1515-B,1
NCS_1515_B20G,1515-B20G,NCS 1515-B20G,1
NCS_1515_B50G,1515-B50G,NCS 1515-B50G,1
NCS_1515_B80G,1515-B80G,NCS 1515-B80G,1
NCS_1515_G,1515-G,NCS 1515-G,1
NCS_1515_G20Y,1515-G20Y,NCS 1515-G20Y,1
NCS_1515_G40Y,1515-G40Y,NCS 1515-G40Y,1
NCS_1515_G60Y,1515-G60Y,NCS 1515-G60Y,1
NCS_1515_G80Y,1515-G80Y,NCS 1515-G80Y,1
NCS_1515_G90Y,1515-G90Y,NCS 1515-G90Y,1
NCS_1515_R,1515-R,NCS 1515-R,1
NCS_1515_R10B,1515-R10B,NCS 1515-R10B,1
NCS_1515_R20B,1515-R20B,NCS 1515-R20B,1
NCS_1515_R40B,1515-R40B,NCS 1515-R40B,1
NCS_1515_R60B,1515-R60B,NCS 1515-R60B,1
NCS_1515_R80B,1515-R80B,NCS 1515-R80B,1
NCS_1515_R90B,1515-R90B,NCS 1515-R90B,1
NCS_1515_Y,1515-Y,NCS 1515-Y,1
NCS_1515_Y10R,1515-Y10R,NCS 1515-Y10R,1
NCS_1515_Y20R,1515-Y20R,NCS 1515-Y20R,1
NCS_1515_Y30R,1515-Y30R,NCS 1515-Y30R,1
NCS_1515_Y40R,1515-Y40R,NCS 1515-Y40R,1
NCS_1515_Y50R,1515-Y50R,NCS 1515-Y50R,1
NCS_1515_Y60R,1515-Y60R,NCS 1515-Y60R,1
NCS_1515_Y70R,1515-Y70R,NCS 1515-Y70R,1
NCS_1515_Y80R,1515-Y80R,NCS 1515-Y80R,1
NCS_1515_Y90R,1515-Y90R,NCS 1515-Y90R,1
NCS_1550_R70B,1550-R70B,NCS 1550-R70B,1
NCS_1550_R80B,1550-R80B,NCS 1550-R80B,1
NCS_1555_B10G,1555-B10G,NCS 1555-B10G,1
NCS_1555_R70B,1555-R70B,NCS 1555-R70B,1
NCS_1555_R80B,1555-R80B,NCS 1555-R80B,1
NCS_1560_R90B,1560-R90B,NCS 1560-R90B,1
NCS_1565_B,1565-B,NCS 1565-B,1
NCS_1565_G,1565-G,NCS 1565-G,1
NCS_1575_R10B,1575-R10B,NCS 1575-R10B,1
NCS_1580_R,1580-R,NCS 1580-R,1
NCS_1580_Y80R,1580-Y80R,NCS 1580-Y80R,1
NCS_1580_Y90R,1580-Y90R,NCS 1580-Y90R,1
NCS_2000_N,2000-N,NCS 2000-N,1
NCS_2002_B,2002-B,NCS 2002-B,1
NCS_2002_B50G,2002-B50G,NCS 2002-B50G,1
NCS_2002_G,2002-G,NCS 2002-G,1
NCS_2002_G50Y,2002-G50Y,NCS 2002-G50Y,1
NCS_2002_R,2002-R,NCS 2002-R,1
NCS_2002_R50B,2002-R50B,NCS 2002-R50B,1
NCS_2002_Y,2002-Y,NCS 2002-Y,1
NCS_2002_Y50R,2002-Y50R,NCS 2002-Y50R,1
NCS_2005_B,2005-B,NCS 2005-B,1
NCS_2005_B20G,2005-B20G,NCS 2005-B20G,1
NCS_2005_B50G,2005-B50G,NCS 2005-B50G,1
NCS_2005_B80G,2005-B80G,NCS 2005-B80G,1
NCS_2005_G,2005-G,NCS 2005-G,1
NCS_2005_G10Y,2005-G10Y,NCS 2005-G10Y,1
NCS_2005_G20Y,2005-G20Y,NCS 2005-G20Y,1
NCS_2005_G30Y,2005-G30Y,NCS 2005-G30Y,1
NCS_2005_G40Y,2005-G40Y,NCS 2005-G40Y,1
NCS_2005_G50Y,2005-G50Y,NCS 2005-G50Y,1
NCS_2005_G60Y,2005-G60Y,NCS 2005-G60Y,1
NCS_2005_G70Y,2005-G70Y,NCS 2005-G70Y,1
NCS_2005_G80Y,2005-G80Y,NCS 2005-G80Y,1
NCS_2005_G90Y,2005-G90Y,NCS 2005-G90Y,1
NCS_2005_R,2005-R,NCS 2005-R,1
NCS_2005_R10B,2005-R10B,NCS 2005-R10B,1
NCS_2005_R20B,2005-R20B,NCS 2005-R20B,1
NCS_2005_R30B,2005-R30B,NCS 2005-R30B,1
NCS_2005_R40B,2005-R40B,NCS 2005-R40B,1
NCS_2005_R50B,2005-R50B,NCS 2005-R50B,1
NCS_2005_R60B,2005-R60B,NCS 2005-R60B,1
NCS_2005_R70B,2005-R70B,NCS 2005-R70B,1
NCS_2005_R80B,2005-R80B,NCS 2005-R80B,1
NCS_2005_R90B,2005-R90B,NCS 2005-R90B,1
NCS_2005_Y,2005-Y,NCS 2005-Y,1
NCS_2005_Y10R,2005-Y10R,NCS 2005-Y10R,1
NCS_2005_Y20R,2005-Y20R,NCS 2005-Y20R,1
NCS_2005_Y30R,2005-Y30R,NCS 2005-Y30R,1
NCS_2005_Y40R,2005-Y40R,NCS 2005-Y40R,1
NCS_2005_Y50R,2005-Y50R,NCS 2005-Y50R,1
NCS_2005_Y60R,2005-Y60R,NCS 2005-Y60R,1
NCS_2005_Y70R,2005-Y70R,NCS 2005-Y70R,1
NCS_2005_Y80R,2005-Y80R,NCS 2005-Y80R,1
NCS_2005_Y90R,2005-Y90R,NCS 2005-Y90R,1
NCS_2010_B,2010-B,NCS 2010-B,1
NCS_2010_B10G,2010-B10G,NCS 2010-B10G,1
NCS_2010_B50G,2010-B50G,NCS 2010-B50G,1
NCS_2010_B70G,2010-B70G,NCS 2010-B70G,1
NCS_2010_B90G,2010-B90G,NCS 2010-B90G,1
NCS_2010_G,2010-G,NCS 2010-G,1
NCS_2010_G10Y,2010-G10Y,NCS 2010-G10Y,1
NCS_2010_G20Y,2010-G20Y,NCS 2010-G20Y,1
NCS_2010_G30Y,2010-G30Y,NCS 2010-G30Y,1
NCS_2010_G40Y,2010-G40Y,NCS 2010-G40Y,1
NCS_2010_G50Y,2010-G50Y,NCS 2010-G50Y,1
NCS_2010_G60Y,2010-G60Y,NCS 2010-G60Y,1
NCS_2010_G70Y,2010-G70Y,NCS 2010-G70Y,1
NCS_2010_G80Y,2010-G80Y,NCS 2010-G80Y,1
NCS_2010_G90Y,2010-G90Y,NCS 2010-G90Y,1
NCS_2010_R,2010-R,NCS 2010-R,1
NCS_2010_R10B,2010-R10B,NCS 2010-R10B,1
NCS_2010_R20B,2010-R20B,NCS 2010-R20B,1
NCS_2010_R30B,2010-R30B,NCS 2010-R30B,1
NCS_2010_R40B,2010-R40B,NCS 2010-R40B,1
NCS_2010_R50B,2010-R50B,NCS 2010-R50B,1
NCS_2010_R60B,2010-R60B,NCS 2010-R60B,1
NCS_2010_R70B,2010-R70B,NCS 2010-R70B,1
NCS_2010_R80B,2010-R80B,NCS 2010-R80B,1
NCS_2010_R90B,2010-R90B,NCS 2010-R90B,1
NCS_2010_Y,2010-Y,NCS 2010-Y,1
NCS_2010_Y10R,2010-Y10R,NCS 2010-Y10R,1
NCS_2010_Y20R,2010-Y20R,NCS 2010-Y20R,1
NCS_2010_Y30R,2010-Y30R,NCS 2010-Y30R,1
NCS_2010_Y40R,2010-Y40R,NCS 2010-Y40R,1
NCS_2010_Y50R,2010-Y50R,NCS 2010-Y50R,1
NCS_2010_Y60R,2010-Y60R,NCS 2010-Y60R,1
NCS_2010_Y70R,2010-Y70R,NCS 2010-Y70R,1
NCS_2010_Y80R,2010-Y80R,NCS 2010-Y80R,1
NCS_2010_Y90R,2010-Y90R,NCS 2010-Y90R,1
NCS_2020_B,2020-B,NCS 2020-B,1
NCS_2020_B10G,2020-B10G,NCS 2020-B10G,1
NCS_2020_B30G,2020-B30G,NCS 2020-B30G,1
NCS_2020_B40G,2020-B40G,NCS 2020-B40G,1
NCS_2020_B50G,2020-B50G,NCS 2020-B50G,1
NCS_2020_B60G,2020-B60G,NCS 2020-B60G,1
NCS_2020_B70G,2020-B70G,NCS 2020-B70G,1
NCS_2020_B90G,2020-B90G,NCS 2020-B90G,1
NCS_2020_G,2020-G,NCS 2020-G,1
NCS_2020_G10Y,2020-G10Y,NCS 2020-G10Y,1
NCS_2020_G20Y,2020-G20Y,NCS 2020-G20Y,1
NCS_2020_G30Y,2020-G30Y,NCS 2020-G30Y,1
NCS_2020_G40Y,2020-G40Y,NCS 2020-G40Y,1
NCS_2020_G50Y,2020-G50Y,NCS 2020-G50Y,1
NCS_2020_G60Y,2020-G60Y,NCS 2020-G60Y,1
NCS_2020_G70Y,2020-G70Y,NCS 2020-G70Y,1
NCS_2020_G80Y,2020-G80Y,NCS 2020-G80Y,1
NCS_2020_G90Y,2020-G90Y,NCS 2020-G90Y,1
NCS_2020_R,2020-R,NCS 2020-R,1
NCS_2020_R10B,2020-R10B,NCS 2020-R10B,1
NCS_2020_R20B,2020-R20B,NCS 2020-R20B,1
NCS_2020_R30B,2020-R30B,NCS 2020-R30B,1
NCS_2020_R40B,2020-R40B,NCS 2020-R40B,1
NCS_2020_R50B,2020-R50B,NCS 2020-R50B,1
NCS_2020_R60B,2020-R60B,NCS 2020-R60B,1
NCS_2020_R70B,2020-R70B,NCS 2020-R70B,1
NCS_2020_R80B,2020-R80B,NCS 2020-R80B,1
NCS_2020_R90B,2020-R90B,NCS 2020-R90B,1
NCS_2020_Y,2020-Y,NCS 2020-Y,1
NCS_2020_Y10R,2020-Y10R,NCS 2020-Y10R,1
NCS_2020_Y20R,2020-Y20R,NCS 2020-Y20R,1
NCS_2020_Y30R,2020-Y30R,NCS 2020-Y30R,1
NCS_2020_Y40R,2020-Y40R,NCS 2020-Y40R,1
NCS_2020_Y50R,2020-Y50R,NCS 2020-Y50R,1
NCS_2020_Y60R,2020-Y60R,NCS 2020-Y60R,1
NCS_2020_Y70R,2020-Y70R,NCS 2020-Y70R,1
NCS_2020_Y80R,2020-Y80R,NCS 2020-Y80R,1
NCS_2020_Y90R,2020-Y90R,NCS 2020-Y90R,1
NCS_2030_B,2030-B,NCS 2030-B,1
NCS_2030_B10G,2030-B10G,NCS 2030-B10G,1
NCS_2030_B30G,2030-B30G,NCS 2030-B30G,1
NCS_2030_B40G,2030-B40G,NCS 2030-B40G,1
NCS_2030_B50G,2030-B50G,NCS 2030-B50G,1
NCS_2030_B60G,2030-B60G,NCS 2030-B60G,1
NCS_2030_B70G,2030-B70G,NCS 2030-B70G,1
NCS_2030_B90G,2030-B90G,NCS 2030-B90G,1
NCS_2030_G,2030-G,NCS 2030-G,1
NCS_2030_G10Y,2030-G10Y,NCS 2030-G10Y,1
NCS_2030_G20Y,2030-G20Y,NCS 2030-G20Y,1
NCS_2030_G30G,2030-G30G,NCS 2030-G30G,1
NCS_2030_G40Y,2030-G40Y,NCS 2030-G40Y,1
NCS_2030_G50Y,2030-G50Y,NCS 2030-G50Y,1
NCS_2030_G60Y,2030-G60Y,NCS 2030-G60Y,1
NCS_2030_G70Y,2030-G70Y,NCS 2030-G70Y,1
NCS_2030_G80Y,2030-G80Y,NCS 2030-G80Y,1
NCS_2030_G90Y,2030-G90Y,NCS 2030-G90Y,1
NCS_2030_R,2030-R,NCS 2030-R,1
NCS_2030_R10B,2030-R10B,NCS 2030-R10B,1
NCS_2030_R20B,2030-R20B,NCS 2030-R20B,1
NCS_2030_R30B,2030-R30B,NCS 2030-R30B,1
NCS_2030_R40B,2030-R40B,NCS 2030-R40B,1
NCS_2030_R50B,2030-R50B,NCS 2030-R50B,1
NCS_2030_R60B,2030-R60B,NCS 2030-R60B,1
NCS_2030_R70B,2030-R70B,NCS 2030-R70B,1
NCS_2030_R80B,2030-R80B,NCS 2030-R80B,1
NCS_2030_R90B,2030-R90B,NCS 2030-R90B,1
NCS_2030_Y,2030-Y,NCS 2030-Y,1
NCS_2030_Y10R,2030-Y10R,NCS 2030-Y10R,1
NCS_2030_Y20R,2030-Y20R,NCS 2030-Y20R,1
NCS_2030_Y30R,2030-Y30R,NCS 2030-Y30R,1
NCS_2030_Y40R,2030-Y40R,NCS 2030-Y40R,1
NCS_2030_Y50R,2030-Y50R,NCS 2030-Y50R,1
NCS_2030_Y60R,2030-Y60R,NCS 2030-Y60R,1
NCS_2030_Y70R,2030-Y70R,NCS 2030-Y70R,1
NCS_2030_Y80R,2030-Y80R,NCS 2030-Y80R,1
NCS_2030_Y90R,2030-Y90R,NCS 2030-Y90R,1
NCS_2040_B,2040-B,NCS 2040-B,1
NCS_2040_B10G,2040-B10G,NCS 2040-B10G,1
NCS_2040_B20G,2040-B20G,NCS 2040-B20G,1
NCS_2040_B30G,2040-B30G,NCS 2040-B30G,1
NCS_2040_B40G,2040-B40G,NCS 2040-B40G,1
NCS_2040_B50G,2040-B50G,NCS 2040-B50G,1
NCS_2040_B60G,2040-B60G,NCS 2040-B60G,1
NCS_2040_B70G,2040-B70G,NCS 2040-B70G,1
NCS_2040_B80G,2040-B80G,NCS 2040-B80G,1
NCS_2040_B90G,2040-B90G,NCS 2040-B90G,1
NCS_2040_G,2040-G,NCS 2040-G,1
NCS_2040_G10Y,2040-G10Y,NCS 2040-G10Y,1
NCS_2040_G20Y,2040-G20Y,NCS 2040-G20Y,1
NCS_2040_G30Y,2040-G30Y,NCS 2040-G30Y,1
NCS_2040_G40Y,2040-G40Y,NCS 2040-G40Y,1
NCS_2040_G50Y,2040-G50Y,NCS 2040-G50Y,1
NCS_2040_G60Y,2040-G60Y,NCS 2040-G60Y,1
NCS_2040_G70Y,2040-G70Y,NCS 2040-G70Y,1
NCS_2040_G80Y,2040-G80Y,NCS 2040-G80Y,1
NCS_2040_G90Y,2040-G90Y,NCS 2040-G90Y,1
NCS_2040_R,2040-R,NCS 2040-R,1
NCS_2040_R10B,2040-R10B,NCS 2040-R10B,1
NCS_2040_R20B,2040-R20B,NCS 2040-R20B,1
NCS_2040_R30B,2040-R30B,NCS 2040-R30B,1
NCS_2040_R40B,2040-R40B,NCS 2040-R40B,1
NCS_2040_R50B,2040-R50B,NCS 2040-R50B,1
NCS_2040_R60B,2040-R60B,NCS 2040-R60B,1
NCS_2040_R70B,2040-R70B,NCS 2040-R70B,1
NCS_2040_R80B,2040-R80B,NCS 2040-R80B,1
NCS_2040_R90B,2040-R90B,NCS 2040-R90B,1
NCS_2040_Y,2040-Y,NCS 2040-Y,1
NCS_2040_Y10R,2040-Y10R,NCS 2040-Y10R,1
NCS_2040_Y20R,2040-Y20R,NCS 2040-Y20R,1
NCS_2040_Y30R,2040-Y30R,NCS 2040-Y30R,1
NCS_2040_Y40Y,2040-Y40Y,NCS 2040-Y40Y,1
NCS_2040_Y50R,2040-Y50R,NCS 2040-Y50R,1
NCS_2040_Y60R,2040-Y60R,NCS 2040-Y60R,1
NCS_2040_Y70R,2040-Y70R,NCS 2040-Y70R,1
NCS_2040_Y80R,2040-Y80R,NCS 2040-Y80R,1
NCS_2040_Y90R,2040-Y90R,NCS 2040-Y90R,1
NCS_2050_B,2050-B,NCS 2050-B,1
NCS_2050_B10G,2050-B10G,NCS 2050-B10G,1
NCS_2050_B20G,2050-B20G,NCS 2050-B20G,1
NCS_2050_B30G,2050-B30G,NCS 2050-B30G,1
NCS_2050_B40G,2050-B40G,NCS 2050-B40G,1
NCS_2050_B50G,2050-B50G,NCS 2050-B50G,1
NCS_2050_B60G,2050-B60G,NCS 2050-B60G,1
NCS_2050_B70G,2050-B70G,NCS 2050-B70G,1
NCS_2050_B80G,2050-B80G,NCS 2050-B80G,1
NCS_2050_B90G,2050-B90G,NCS 2050-B90G,1
NCS_2050_G,2050-G,NCS 2050-G,1
NCS_2050_G10Y,2050-G10Y,NCS 2050-G10Y,1
NCS_2050_G20Y,2050-G20Y,NCS 2050-G20Y,1
NCS_2050_G30Y,2050-G30Y,NCS 2050-G30Y,1
NCS_2050_G40Y,2050-G40Y,NCS 2050-G40Y,1
NCS_2050_G50Y,2050-G50Y,NCS 2050-G50Y,1
NCS_2050_G60Y,2050-G60Y,NCS 2050-G60Y,1
NCS_2050_G70Y,2050-G70Y,NCS 2050-G70Y,1
NCS_2050_G80Y,2050-G80Y,NCS 2050-G80Y,1
NCS_2050_G90Y,2050-G90Y,NCS 2050-G90Y,1
NCS_2050_R,2050-R,NCS 2050-R,1
NCS_2050_R10B,2050-R10B,NCS 2050-R10B,1
NCS_2050_R20B,2050-R20B,NCS 2050-R20B,1
NCS_2050_R30B,2050-R30B,NCS 2050-R30B,1
NCS_2050_R40B,2050-R40B,NCS 2050-R40B,1
NCS_2050_R50B,2050-R50B,NCS 2050-R50B,1
NCS_2050_R60B,2050-R60B,NCS 2050-R60B,1
NCS_2050_R70B,2050-R70B,NCS 2050-R70B,1
NCS_2050_R80B,2050-R80B,NCS 2050-R80B,1
NCS_2050_R90B,2050-R90B,NCS 2050-R90B,1
NCS_2050_Y,2050-Y,NCS 2050-Y,1
NCS_2050_Y10R,2050-Y10R,NCS 2050-Y10R,1
NCS_2050_Y20R,2050-Y20R,NCS 2050-Y20R,1
NCS_2050_Y30R,2050-Y30R,NCS 2050-Y30R,1
NCS_2050_Y40R,2050-Y40R,NCS 2050-Y40R,1
NCS_2050_Y50R,2050-Y50R,NCS 2050-Y50R,1
NCS_2050_Y60R,2050-Y60R,NCS 2050-Y60R,1
NCS_2050_Y70R,2050-Y70R,NCS 2050-Y70R,1
NCS_2050_Y80R,2050-Y80R,NCS 2050-Y80R,1
NCS_2050_Y90R,2050-Y90R,NCS 2050-Y90R,1
NCS_2055_B10G,2055-B10G,NCS 2055-B10G,1
NCS_2060_B,2060-B,NCS 2060-B,1
NCS_2060_B50G,2060-B50G,NCS 2060-B50G,1
NCS_2060_B70G,2060-B70G,NCS 2060-B70G,1
NCS_2060_B90G,2060-B90G,NCS 2060-B90G,1
NCS_2060_G,2060-G,NCS 2060-G,1
NCS_2060_G10Y,2060-G10Y,NCS 2060-G10Y,1
NCS_2060_G20Y,2060-G20Y,NCS 2060-G20Y,1
NCS_2060_G30Y,2060-G30Y,NCS 2060-G30Y,1
NCS_2060_G40Y,2060-G40Y,NCS 2060-G40Y,1
NCS_2060_G50Y,2060-G50Y,NCS 2060-G50Y,1
NCS_2060_G60Y,2060-G60Y,NCS 2060-G60Y,1
NCS_2060_G70Y,2060-G70Y,NCS 2060-G70Y,1
NCS_2060_G80Y,2060-G80Y,NCS 2060-G80Y,1
NCS_2060_G90Y,2060-G90Y,NCS 2060-G90Y,1
NCS_2060_R,2060-R,NCS 2060-R,1
NCS_2060_R10B,2060-R10B,NCS 2060-R10B,1
NCS_2060_R20B,2060-R20B,NCS 2060-R20B,1
NCS_2060_R30B,2060-R30B,NCS 2060-R30B,1
NCS_2060_R40B,2060-R40B,NCS 2060-R40B,1
NCS_2060_R70B,2060-R70B,NCS 2060-R70B,1
NCS_2060_R80B,2060-R80B,NCS 2060-R80B,1
NCS_2060_R90B,2060-R90B,NCS 2060-R90B,1
NCS_2060_Y,2060-Y,NCS 2060-Y,1
NCS_2060_Y10R,2060-Y10R,NCS 2060-Y10R,1
NCS_2060_Y20R,2060-Y20R,NCS 2060-Y20R,1
NCS_2060_Y30R,2060-Y30R,NCS 2060-Y30R,1
NCS_2060_Y40R,2060-Y40R,NCS 2060-Y40R,1
NCS_2060_Y50R,2060-Y50R,NCS 2060-Y50R,1
NCS_2060_Y60R,2060-Y60R,NCS 2060-Y60R,1
NCS_2060_Y70R,2060-Y70R,NCS 2060-Y70R,1
NCS_2060_Y80R,2060-Y80R,NCS 2060-Y80R,1
NCS_2060_Y90R,2060-Y90R,NCS 2060-Y90R,1
NCS_2065_B,2065-B,NCS 2065-B,1
NCS_2065_R20B,2065-R20B,NCS 2065-R20B,1
NCS_2065_R90B,2065-R90B,NCS 2065-R90B,1
NCS_2070_G10Y,2070-G10Y,NCS 2070-G10Y,1
NCS_2070_G20Y,2070-G20Y,NCS 2070-G20Y,1
NCS_2070_G30Y,2070-G30Y,NCS 2070-G30Y,1
NCS_2070_G40Y,2070-G40Y,NCS 2070-G40Y,1
NCS_2070_G50Y,2070-G50Y,NCS 2070-G50Y,1
NCS_2070_G60Y,2070-G60Y,NCS 2070-G60Y,1
NCS_2070_G70Y,2070-G70Y,NCS 2070-G70Y,1
NCS_2070_G80Y,2070-G80Y,NCS 2070-G80Y,1
NCS_2070_G90Y,2070-G90Y,NCS 2070-G90Y,1
NCS_2070_R,2070-R,NCS 2070-R,1
NCS_2070_R10B,2070-R10B,NCS 2070-R10B,1
NCS_2070_Y,2070-Y,NCS 2070-Y,1
NCS_2070_Y10R,2070-Y10R,NCS 2070-Y10R,1
NCS_2070_Y20R,2070-Y20R,NCS 2070-Y20R,1
NCS_2070_Y30R,2070-Y30R,NCS 2070-Y30R,1
NCS_2070_Y40R,2070-Y40R,NCS 2070-Y40R,1
NCS_2070_Y50R,2070-Y50R,NCS 2070-Y50R,1
NCS_2070_Y60R,2070-Y60R,NCS 2070-Y60R,1
NCS_2070_Y70R,2070-Y70R,NCS 2070-Y70R,1
NCS_2070_Y80R,2070-Y80R,NCS 2070-Y80R,1
NCS_2070_Y90R,2070-Y90R,NCS 2070-Y90R,1
NCS_2075_G20Y,2075-G20Y,NCS 2075-G20Y,1
NCS_2075_G30Y,2075-G30Y,NCS 2075-G30Y,1
NCS_2075_Y60R,2075-Y60R,NCS 2075-Y60R,1
NCS_2075_Y70R,2075-Y70R,NCS 2075-Y70R,1
NCS_2500_N,2500-N,NCS 2500-N,1
NCS_2502_B,2502-B,NCS 2502-B,1
NCS_2502_G,2502-G,NCS 2502-G,1
NCS_2502_R,2502-R,NCS 2502-R,1
NCS_2502_Y,2502-Y,NCS 2502-Y,1
NCS_2555_B20G,2555-B20G,NCS 2555-B20G,1
NCS_2555_B30G,2555-B30G,NCS 2555-B30G,1
NCS_2555_B40G,2555-B40G,NCS 2555-B40G,1
NCS_2555_B60G,2555-B60G,NCS 2555-B60G,1
NCS_2555_B80G,2555-B80G,NCS 2555-B80G,1
NCS_2565_G,2565-G,NCS 2565-G,1
NCS_2565_R80B,2565-R80B,NCS 2565-R80B,1
NCS_2570_G20Y,2570-G20Y,NCS 2570-G20Y,1
NCS_2570_G30Y,2570-G30Y,NCS 2570-G30Y,1
NCS_2570_R,2570-R,NCS 2570-R,1
NCS_2570_Y30R,2570-Y30R,NCS 2570-Y30R,1
NCS_2570_Y40R,2570-Y40R,NCS 2570-Y40R,1
NCS_2570_Y50R,2570-Y50R,NCS 2570-Y50R,1
NCS_2570_Y60R,2570-Y60R,NCS 2570-Y60R,1
NCS_2570_Y70R,2570-Y70R,NCS 2570-Y70R,1
NCS_2570_Y80R,2570-Y80R,NCS 2570-Y80R,1
NCS_2570_Y90R,2570-Y90R,NCS 2570-Y90R,1
NCS_3000_N,3000-N,NCS 3000-N,1
NCS_3005_B20G,3005-B20G,NCS 3005-B20G,1
NCS_3005_B80G,3005-B80G,NCS 3005-B80G,1
NCS_3005_G20Y,3005-G20Y,NCS 3005-G20Y,1
NCS_3005_G50Y,3005-G50Y,NCS 3005-G50Y,1
NCS_3005_G80Y,3005-G80Y,NCS 3005-G80Y,1
NCS_3005_R20B,3005-R20B,NCS 3005-R20B,1
NCS_3005_R50B,3005-R50B,NCS 3005-R50B,1
NCS_3005_R80B,3005-R80B,NCS 3005-R80B,1
NCS_3005_Y20R,3005-Y20R,NCS 3005-Y20R,1
NCS_3005_Y50R,3005-Y50R,NCS 3005-Y50R,1
NCS_3005_Y80R,3005-Y80R,NCS 3005-Y80R,1
NCS_3010_B,3010-B,NCS 3010-B,1
NCS_3010_B10G,3010-B10G,NCS 3010-B10G,1
NCS_3010_B30G,3010-B30G,NCS 3010-B30G,1
NCS_3010_B50G,3010-B50G,NCS 3010-B50G,1
NCS_3010_B70G,3010-B70G,NCS 3010-B70G,1
NCS_3010_B90G,3010-B90G,NCS 3010-B90G,1
NCS_3010_G,3010-G,NCS 3010-G,1
NCS_3010_G10Y,3010-G10Y,NCS 3010-G10Y,1
NCS_3010_G20Y,3010-G20Y,NCS 3010-G20Y,1
NCS_3010_G30Y,3010-G30Y,NCS 3010-G30Y,1
NCS_3010_G40Y,3010-G40Y,NCS 3010-G40Y,1
NCS_3010_G50Y,3010-G50Y,NCS 3010-G50Y,1
NCS_3010_G60Y,3010-G60Y,NCS 3010-G60Y,1
NCS_3010_G70Y,3010-G70Y,NCS 3010-G70Y,1
NCS_3010_G80Y,3010-G80Y,NCS 3010-G80Y,1
NCS_3010_G90Y,3010-G90Y,NCS 3010-G90Y,1
NCS_3010_R,3010-R,NCS 3010-R,1
NCS_3010_R10B,3010-R10B,NCS 3010-R10B,1
NCS_3010_R20B,3010-R20B,NCS 3010-R20B,1
NCS_3010_R30B,3010-R30B,NCS 3010-R30B,1
NCS_3010_R40B,3010-R40B,NCS 3010-R40B,1
NCS_3010_R50B,3010-R50B,NCS 3010-R50B,1
NCS_3010_R60B,3010-R60B,NCS 3010-R60B,1
NCS_3010_R70B,3010-R70B,NCS 3010-R70B,1
NCS_3010_R80B,3010-R80B,NCS 3010-R80B,1
NCS_3010_R90B,3010-R90B,NCS 3010-R90B,1
NCS_3010_Y,3010-Y,NCS 3010-Y,1
NCS_3010_Y10R,3010-Y10R,NCS 3010-Y10R,1
NCS_3010_Y20R,3010-Y20R,NCS 3010-Y20R,1
NCS_3010_Y30R,3010-Y30R,NCS 3010-Y30R,1
NCS_3010_Y40R,3010-Y40R,NCS 3010-Y40R,1
NCS_3010_Y50R,3010-Y50R,NCS 3010-Y50R,1
NCS_3010_Y60R,3010-Y60R,NCS 3010-Y60R,1
NCS_3010_Y70R,3010-Y70R,NCS 3010-Y70R,1
NCS_3010_Y80R,3010-Y80R,NCS 3010-Y80R,1
NCS_3010_Y90R,3010-Y90R,NCS 3010-Y90R,1
NCS_3020_B,3020-B,NCS 3020-B,1
NCS_3020_B10G,3020-B10G,NCS 3020-B10G,1
NCS_3020_B30G,3020-B30G,NCS 3020-B30G,1
NCS_3020_B40G,3020-B40G,NCS 3020-B40G,1
NCS_3020_B50G,3020-B50G,NCS 3020-B50G,1
NCS_3020_B60G,3020-B60G,NCS 3020-B60G,1
NCS_3020_B70G,3020-B70G,NCS 3020-B70G,1
NCS_3020_B90G,3020-B90G,NCS 3020-B90G,1
NCS_3020_G,3020-G,NCS 3020-G,1
NCS_3020_G10Y,3020-G10Y,NCS 3020-G10Y,1
NCS_3020_G20Y,3020-G20Y,NCS 3020-G20Y,1
NCS_3020_G30Y,3020-G30Y,NCS 3020-G30Y,1
NCS_3020_G40Y,3020-G40Y,NCS 3020-G40Y,1
NCS_3020_G50Y,3020-G50Y,NCS 3020-G50Y,1
NCS_3020_G60Y,3020-G60Y,NCS 3020-G60Y,1
NCS_3020_G70Y,3020-G70Y,NCS 3020-G70Y,1
NCS_3020_G80Y,3020-G80Y,NCS 3020-G80Y,1
NCS_3020_G90Y,3020-G90Y,NCS 3020-G90Y,1
NCS_3020_R,3020-R,NCS 3020-R,1
NCS_3020_R10B,3020-R10B,NCS 3020-R10B,1
NCS_3020_R20B,3020-R20B,NCS 3020-R20B,1
NCS_3020_R30B,3020-R30B,NCS 3020-R30B,1
NCS_3020_R40B,3020-R40B,NCS 3020-R40B,1
NCS_3020_R50B,3020-R50B,NCS 3020-R50B,1
NCS_3020_R60B,3020-R60B,NCS 3020-R60B,1
NCS_3020_R70B,3020-R70B,NCS 3020-R70B,1
NCS_3020_R80B,3020-R80B,NCS 3020-R80B,1
NCS_3020_R90B,3020-R90B,NCS 3020-R90B,1
NCS_3020_Y,3020-Y,NCS 3020-Y,1
NCS_3020_Y10R,3020-Y10R,NCS 3020-Y10R,1
NCS_3020_Y20R,3020-Y20R,NCS 3020-Y20R,1
NCS_3020_Y30R,3020-Y30R,NCS 3020-Y30R,1
NCS_3020_Y40R,3020-Y40R,NCS 3020-Y40R,1
NCS_3020_Y50R,3020-Y50R,NCS 3020-Y50R,1
NCS_3020_Y60R,3020-Y60R,NCS 3020-Y60R,1
NCS_3020_Y70R,3020-Y70R,NCS 3020-Y70R,1
NCS_3020_Y80R,3020-Y80R,NCS 3020-Y80R,1
NCS_3020_Y90R,3020-Y90R,NCS 3020-Y90R,1
NCS_3030_B,3030-B,NCS 3030-B,1
NCS_3030_B10G,3030-B10G,NCS 3030-B10G,1
NCS_3030_B30G,3030-B30G,NCS 3030-B30G,1
NCS_3030_B40G,3030-B40G,NCS 3030-B40G,1
NCS_3030_B50G,3030-B50G,NCS 3030-B50G,1
NCS_3030_B60G,3030-B60G,NCS 3030-B60G,1
NCS_3030_B70G,3030-B70G,NCS 3030-B70G,1
NCS_3030_B90G,3030-B90G,NCS 3030-B90G,1
NCS_3030_G,3030-G,NCS 3030-G,1
NCS_3030_G10Y,3030-G10Y,NCS 3030-G10Y,1
NCS_3030_G20Y,3030-G20Y,NCS 3030-G20Y,1
NCS_3030_G30Y,3030-G30Y,NCS 3030-G30Y,1
NCS_3030_G40Y,3030-G40Y,NCS 3030-G40Y,1
NCS_3030_G50Y,3030-G50Y,NCS 3030-G50Y,1
NCS_3030_G60Y,3030-G60Y,NCS 3030-G60Y,1
NCS_3030_G70Y,3030-G70Y,NCS 3030-G70Y,1
NCS_3030_G80Y,3030-G80Y,NCS 3030-G80Y,1
NCS_3030_G90Y,3030-G90Y,NCS 3030-G90Y,1
NCS_3030_R,3030-R,NCS 3030-R,1
NCS_3030_R10B,3030-R10B,NCS 3030-R10B,1
NCS_3030_R20B,3030-R20B,NCS 3030-R20B,1
NCS_3030_R30B,3030-R30B,NCS 3030-R30B,1
NCS_3030_R40B,3030-R40B,NCS 3030-R40B,1
NCS_3030_R50B,3030-R50B,NCS 3030-R50B,1
NCS_3030_R60B,3030-R60B,NCS 3030-R60B,1
NCS_3030_R70B,3030-R70B,NCS 3030-R70B,1
NCS_3030_R80B,3030-R80B,NCS 3030-R80B,1
NCS_3030_R90B,3030-R90B,NCS 3030-R90B,1
NCS_3030_Y,3030-Y,NCS 3030-Y,1
NCS_3030_Y10R,3030-Y10R,NCS 3030-Y10R,1
NCS_3030_Y20R,3030-Y20R,NCS 3030-Y20R,1
NCS_3030_Y30R,3030-Y30R,NCS 3030-Y30R,1
NCS_3030_Y40R,3030-Y40R,NCS 3030-Y40R,1
NCS_3030_Y50R,3030-Y50R,NCS 3030-Y50R,1
NCS_3030_Y60R,3030-Y60R,NCS 3030-Y60R,1
NCS_3030_Y70R,3030-Y70R,NCS 3030-Y70R,1
NCS_3030_Y80R,3030-Y80R,NCS 3030-Y80R,1
NCS_3030_Y90R,3030-Y90R,NCS 3030-Y90R,1
NCS_3040_B,3040-B,NCS 3040-B,1
NCS_3040_B10G,3040-B10G,NCS 3040-B10G,1
NCS_3040_B20G,3040-B20G,NCS 3040-B20G,1
NCS_3040_B30G,3040-B30G,NCS 3040-B30G,1
NCS_3040_B40G,3040-B40G,NCS 3040-B40G,1
NCS_3040_B50G,3040-B50G,NCS 3040-B50G,1
NCS_3040_B60G,3040-B60G,NCS 3040-B60G,1
NCS_3040_B70G,3040-B70G,NCS 3040-B70G,1
NCS_3040_B80G,3040-B80G,NCS 3040-B80G,1
NCS_3040_B90G,3040-B90G,NCS 3040-B90G,1
NCS_3040_G,3040-G,NCS 3040-G,1
NCS_3040_G10Y,3040-G10Y,NCS 3040-G10Y,1
NCS_3040_G20Y,3040-G20Y,NCS 3040-G20Y,1
NCS_3040_G30Y,3040-G30Y,NCS 3040-G30Y,1
NCS_3040_G40Y,3040-G40Y,NCS 3040-G40Y,1
NCS_3040_G50Y,3040-G50Y,NCS 3040-G50Y,1
NCS_3040_G60Y,3040-G60Y,NCS 3040-G60Y,1
NCS_3040_G70Y,3040-G70Y,NCS 3040-G70Y,1
NCS_3040_G80Y,3040-G80Y,NCS 3040-G80Y,1
NCS_3040_G90Y,3040-G90Y,NCS 3040-G90Y,1
NCS_3040_R,3040-R,NCS 3040-R,1
NCS_3040_R10B,3040-R10B,NCS 3040-R10B,1
NCS_3040_R20B,3040-R20B,NCS 3040-R20B,1
NCS_3040_R30B,3040-R30B,NCS 3040-R30B,1
NCS_3040_R40B,3040-R40B,NCS 3040-R40B,1
NCS_3040_R50B,3040-R50B,NCS 3040-R50B,1
NCS_3040_R60B,3040-R60B,NCS 3040-R60B,1
NCS_3040_R70B,3040-R70B,NCS 3040-R70B,1
NCS_3040_R80B,3040-R80B,NCS 3040-R80B,1
NCS_3040_R90B,3040-R90B,NCS 3040-R90B,1
NCS_3040_Y,3040-Y,NCS 3040-Y,1
NCS_3040_Y10R,3040-Y10R,NCS 3040-Y10R,1
NCS_3040_Y20R,3040-Y20R,NCS 3040-Y20R,1
NCS_3040_Y30R,3040-Y30R,NCS 3040-Y30R,1
NCS_3040_Y40R,3040-Y40R,NCS 3040-Y40R,1
NCS_3040_Y50R,3040-Y50R,NCS 3040-Y50R,1
NCS_3040_Y60R,3040-Y60R,NCS 3040-Y60R,1
NCS_3040_Y70R,3040-Y70R,NCS 3040-Y70R,1
NCS_3040_Y80R,3040-Y80R,NCS 3040-Y80R,1
NCS_3040_Y90R,3040-Y90R,NCS 3040-Y90R,1
NCS_3050_B,3050-B,NCS 3050-B,1
NCS_3050_B10G,3050-B10G,NCS 3050-B10G,1
NCS_3050_B20G,3050-B20G,NCS 3050-B20G,1
NCS_3050_B30G,3050-B30G,NCS 3050-B30G,1
NCS_3050_B40G,3050-B40G,NCS 3050-B40G,1
NCS_3050_B50G,3050-B50G,NCS 3050-B50G,1
NCS_3050_B60G,3050-B60G,NCS 3050-B60G,1
NCS_3050_B70G,3050-B70G,NCS 3050-B70G,1
NCS_3050_B80G,3050-B80G,NCS 3050-B80G,1
NCS_3050_B90G,3050-B90G,NCS 3050-B90G,1
NCS_3050_G,3050-G,NCS 3050-G,1
NCS_3050_G10Y,3050-G10Y,NCS 3050-G10Y,1
NCS_3050_G20Y,3050-G20Y,NCS 3050-G20Y,1
NCS_3050_G30Y,3050-G30Y,NCS 3050-G30Y,1
NCS_3050_G40Y,3050-G40Y,NCS 3050-G40Y,1
NCS_3050_G50Y,3050-G50Y,NCS 3050-G50Y,1
NCS_3050_G60Y,3050-G60Y,NCS 3050-G60Y,1
NCS_3050_G70Y,3050-G70Y,NCS 3050-G70Y,1
NCS_3050_G80Y,3050-G80Y,NCS 3050-G80Y,1
NCS_3050_G90Y,3050-G90Y,NCS 3050-G90Y,1
NCS_3050_R,3050-R,NCS 3050-R,1
NCS_3050_R10B,3050-R10B,NCS 3050-R10B,1
NCS_3050_R20B,3050-R20B,NCS 3050-R20B,1
NCS_3050_R30B,3050-R30B,NCS 3050-R30B,1
NCS_3050_R40B,3050-R40B,NCS 3050-R40B,1
NCS_3050_R50B,3050-R50B,NCS 3050-R50B,1
NCS_3050_R60B,3050-R60B,NCS 3050-R60B,1
NCS_3050_R70B,3050-R70B,NCS 3050-R70B,1
NCS_3050_R80B,3050-R80B,NCS 3050-R80B,1
NCS_3050_R90B,3050-R90B,NCS 3050-R90B,1
NCS_3050_Y,3050-Y,NCS 3050-Y,1
NCS_3050_Y10R,3050-Y10R,NCS 3050-Y10R,1
NCS_3050_Y20R,3050-Y20R,NCS 3050-Y20R,1
NCS_3050_Y30R,3050-Y30R,NCS 3050-Y30R,1
NCS_3050_Y40R,3050-Y40R,NCS 3050-Y40R,1
NCS_3050_Y50R,3050-Y50R,NCS 3050-Y50R,1
NCS_3050_Y60R,3050-Y60R,NCS 3050-Y60R,1
NCS_3050_Y70R,3050-Y70R,NCS 3050-Y70R,1
NCS_3050_Y80R,3050-Y80R,NCS 3050-Y80R,1
NCS_3050_Y90R,3050-Y90R,NCS 3050-Y90R,1
NCS_3055_B50G,3055-B50G,NCS 3055-B50G,1
NCS_3055_R30B,3055-R30B,NCS 3055-R30B,1
NCS_3055_R40B,3055-R40B,NCS 3055-R40B,1
NCS_3055_R50B,3055-R50B,NCS 3055-R50B,1
NCS_3060_B,3060-B,NCS 3060-B,1
NCS_3060_B10G,3060-B10G,NCS 3060-B10G,1
NCS_3060_B20G,3060-B20G,NCS 3060-B20G,1
NCS_3060_B30G,3060-B30G,NCS 3060-B30G,1
NCS_3060_B40G,3060-B40G,NCS 3060-B40G,1
NCS_3060_B70G,3060-B70G,NCS 3060-B70G,1
NCS_3060_B90G,3060-B90G,NCS 3060-B90G,1
NCS_3060_G,3060-G,NCS 3060-G,1
NCS_3060_G10Y,3060-G10Y,NCS 3060-G10Y,1
NCS_3060_G20Y,3060-G20Y,NCS 3060-G20Y,1
NCS_3060_G30Y,3060-G30Y,NCS 3060-G30Y,1
NCS_3060_G40Y,3060-G40Y,NCS 3060-G40Y,1
NCS_3060_G50Y,3060-G50Y,NCS 3060-G50Y,1
NCS_3060_G60Y,3060-G60Y,NCS 3060-G60Y,1
NCS_3060_G70Y,3060-G70Y,NCS 3060-G70Y,1
NCS_3060_G80Y,3060-G80Y,NCS 3060-G80Y,1
NCS_3060_G90Y,3060-G90Y,NCS 3060-G90Y,1
NCS_3060_R,3060-R,NCS 3060-R,1
NCS_3060_R10B,3060-R10B,NCS 3060-R10B,1
NCS_3060_R20B,3060-R20B,NCS 3060-R20B,1
NCS_3060_R70B,3060-R70B,NCS 3060-R70B,1
NCS_3060_R80B,3060-R80B,NCS 3060-R80B,1
NCS_3060_R90B,3060-R90B,NCS 3060-R90B,1
NCS_3060_Y,3060-Y,NCS 3060-Y,1
NCS_3060_Y10R,3060-Y10R,NCS 3060-Y10R,1
NCS_3060_Y20R,3060-Y20R,NCS 3060-Y20R,1
NCS_3060_Y30R,3060-Y30R,NCS 3060-Y30R,1
NCS_3060_Y40R,3060-Y40R,NCS 3060-Y40R,1
NCS_3060_Y50R,3060-Y50R,NCS 3060-Y50R,1
NCS_3060_Y60R,3060-Y60R,NCS 3060-Y60R,1
NCS_3060_Y70R,3060-Y70R,NCS 3060-Y70R,1
NCS_3060_Y80R,3060-Y80R,NCS 3060-Y80R,1
NCS_3060_Y90R,3060-Y90R,NCS 3060-Y90R,1
NCS_3065_G10Y,3065-G10Y,NCS 3065-G10Y,1
NCS_3065_G40Y,3065-G40Y,NCS 3065-G40Y,1
NCS_3065_G50Y,3065-G50Y,NCS 3065-G50Y,1
NCS_3065_G60Y,3065-G60Y,NCS 3065-G60Y,1
NCS_3065_R90B,3065-R90B,NCS 3065-R90B,1
NCS_3065_Y20R,3065-Y20R,NCS 3065-Y20R,1
NCS_3500_N,3500-N,NCS 3500-N,1
NCS_3502_B,3502-B,NCS 3502-B,1
NCS_3502_G,3502-G,NCS 3502-G,1
NCS_3502_R,3502-R,NCS 3502-R,1
NCS_3502_Y,3502-Y,NCS 3502-Y,1
NCS_3555_B60G,3555-B60G,NCS 3555-B60G,1
NCS_3555_B80G,3555-B80G,NCS 3555-B80G,1
NCS_3555_R60B,3555-R60B,NCS 3555-R60B,1
NCS_3560_G,3560-G,NCS 3560-G,1
NCS_3560_G10Y,3560-G10Y,NCS 3560-G10Y,1
NCS_3560_G20Y,3560-G20Y,NCS 3560-G20Y,1
NCS_3560_G30Y,3560-G30Y,NCS 3560-G30Y,1
NCS_3560_G40Y,3560-G40Y,NCS 3560-G40Y,1
NCS_3560_G50Y,3560-G50Y,NCS 3560-G50Y,1
NCS_3560_G60Y,3560-G60Y,NCS 3560-G60Y,1
NCS_3560_G70Y,3560-G70Y,NCS 3560-G70Y,1
NCS_3560_R,3560-R,NCS 3560-R,1
NCS_3560_R80B,3560-R80B,NCS 3560-R80B,1
NCS_3560_R90B,3560-R90B,NCS 3560-R90B,1
NCS_3560_Y,3560-Y,NCS 3560-Y,1
NCS_3560_Y20R,3560-Y20R,NCS 3560-Y20R,1
NCS_3560_Y30R,3560-Y30R,NCS 3560-Y30R,1
NCS_3560_Y40R,3560-Y40R,NCS 3560-Y40R,1
NCS_3560_Y50R,3560-Y50R,NCS 3560-Y50R,1
NCS_3560_Y60R,3560-Y60R,NCS 3560-Y60R,1
NCS_3560_Y70R,3560-Y70R,NCS 3560-Y70R,1
NCS_3560_Y80R,3560-Y80R,NCS 3560-Y80R,1
NCS_3560_Y90R,3560-Y90R,NCS 3560-Y90R,1
NCS_4000_N,4000-N,NCS 4000-N,1
NCS_4005_B20G,4005-B20G,NCS 4005-B20G,1
NCS_4005_B80G,4005-B80G,NCS 4005-B80G,1
NCS_4005_G20Y,4005-G20Y,NCS 4005-G20Y,1
NCS_4005_G50Y,4005-G50Y,NCS 4005-G50Y,1
NCS_4005_G80Y,4005-G80Y,NCS 4005-G80Y,1
NCS_4005_R20B,4005-R20B,NCS 4005-R20B,1
NCS_4005_R50B,4005-R50B,NCS 4005-R50B,1
NCS_4005_R80B,4005-R80B,NCS 4005-R80B,1
NCS_4005_Y20R,4005-Y20R,NCS 4005-Y20R,1
NCS_4005_Y50R,4005-Y50R,NCS 4005-Y50R,1
NCS_4005_Y80R,4005-Y80R,NCS 4005-Y80R,1
NCS_4010_B10G,4010-B10G,NCS 4010-B10G,1
NCS_4010_B30G,4010-B30G,NCS 4010-B30G,1
NCS_4010_B50G,4010-B50G,NCS 4010-B50G,1
NCS_4010_B70G,4010-B70G,NCS 4010-B70G,1
NCS_4010_B90G,4010-B90G,NCS 4010-B90G,1
NCS_4010_G10Y,4010-G10Y,NCS 4010-G10Y,1
NCS_4010_G30Y,4010-G30Y,NCS 4010-G30Y,1
NCS_4010_G50Y,4010-G50Y,NCS 4010-G50Y,1
NCS_4010_G70Y,4010-G70Y,NCS 4010-G70Y,1
NCS_4010_G90Y,4010-G90Y,NCS 4010-G90Y,1
NCS_4010_R10B,4010-R10B,NCS 4010-R10B,1
NCS_4010_R30B,4010-R30B,NCS 4010-R30B,1
NCS_4010_R50B,4010-R50B,NCS 4010-R50B,1
NCS_4010_R70B,4010-R70B,NCS 4010-R70B,1
NCS_4010_R90B,4010-R90B,NCS 4010-R90B,1
NCS_4010_Y10R,4010-Y10R,NCS 4010-Y10R,1
NCS_4010_Y30R,4010-Y30R,NCS 4010-Y30R,1
NCS_4010_Y50R,4010-Y50R,NCS 4010-Y50R,1
NCS_4010_Y70R,4010-Y70R,NCS 4010-Y70R,1
NCS_4010_Y90R,4010-Y90R,NCS 4010-Y90R,1
NCS_4020_B30G,4020-B30G,NCS 4020-B30G,1
NCS_4020_B50G,4020-B50G,NCS 4020-B50G,1
NCS_4020_B70G,4020-B70G,NCS 4020-B70G,1
NCS_4020_B90G,4020-B90G,NCS 4020-B90G,1
NCS_4020_G,4020-G,NCS 4020-G,1
NCS_4020_G10Y,4020-G10Y,NCS 4020-G10Y,1
NCS_4020_G30Y,4020-G30Y,NCS 4020-G30Y,1
NCS_4020_G50Y,4020-G50Y,NCS 4020-G50Y,1
NCS_4020_G70Y,4020-G70Y,NCS 4020-G70Y,1
NCS_4020_G90Y,4020-G90Y,NCS 4020-G90Y,1
NCS_4020_R,4020-R,NCS 4020-R,1
NCS_4020_R10B,4020-R10B,NCS 4020-R10B,1
NCS_4020_R20B,4020-R20B,NCS 4020-R20B,1
NCS_4020_R30B,4020-R30B,NCS 4020-R30B,1
NCS_4020_R40B,4020-R40B,NCS 4020-R40B,1
NCS_4020_R50B,4020-R50B,NCS 4020-R50B,1
NCS_4020_R60B,4020-R60B,NCS 4020-R60B,1
NCS_4020_R70B,4020-R70B,NCS 4020-R70B,1
NCS_4020_R80B,4020-R80B,NCS 4020-R80B,1
NCS_4020_R90B,4020-R90B,NCS 4020-R90B,1
NCS_4020_Y,4020-Y,NCS 4020-Y,1
NCS_4020_Y10R,4020-Y10R,NCS 4020-Y10R,1
NCS_4020_Y20R,4020-Y20R,NCS 4020-Y20R,1
NCS_4020_Y30R,4020-Y30R,NCS 4020-Y30R,1
NCS_4020_Y40R,4020-Y40R,NCS 4020-Y40R,1
NCS_4020_Y50R,4020-Y50R,NCS 4020-Y50R,1
NCS_4020_Y60R,4020-Y60R,NCS 4020-Y60R,1
NCS_4020_Y70R,4020-Y70R,NCS 4020-Y70R,1
NCS_4020_Y80R,4020-Y80R,NCS 4020-Y80R,1
NCS_4020_Y90R,4020-Y90R,NCS 4020-Y90R,1
NCS_4030_B,4030-B,NCS 4030-B,1
NCS_4030_B10G,4030-B10G,NCS 4030-B10G,1
NCS_4030_B30G,4030-B30G,NCS 4030-B30G,1
NCS_4030_B50G,4030-B50G,NCS 4030-B50G,1
NCS_4030_B70G,4030-B70G,NCS 4030-B70G,1
NCS_4030_B90G,4030-B90G,NCS 4030-B90G,1
NCS_4030_G,4030-G,NCS 4030-G,1
NCS_4030_G10Y,4030-G10Y,NCS 4030-G10Y,1
NCS_4030_G30Y,4030-G30Y,NCS 4030-G30Y,1
NCS_4030_G50Y,4030-G50Y,NCS 4030-G50Y,1
NCS_4030_G70Y,4030-G70Y,NCS 4030-G70Y,1
NCS_4030_G90Y,4030-G90Y,NCS 4030-G90Y,1
NCS_4030_R,4030-R,NCS 4030-R,1
NCS_4030_R10B,4030-R10B,NCS 4030-R10B,1
NCS_4030_R20B,4030-R20B,NCS 4030-R20B,1
NCS_4030_R30B,4030-R30B,NCS 4030-R30B,1
NCS_4030_R40B,4030-R40B,NCS 4030-R40B,1
NCS_4030_R50B,4030-R50B,NCS 4030-R50B,1
NCS_4030_R60B,4030-R60B,NCS 4030-R60B,1
NCS_4030_R70B,4030-R70B,NCS 4030-R70B,1
NCS_4030_R80B,4030-R80B,NCS 4030-R80B,1
NCS_4030_R90B,4030-R90B,NCS 4030-R90B,1
NCS_4030_Y,4030-Y,NCS 4030-Y,1
NCS_4030_Y10R,4030-Y10R,NCS 4030-Y10R,1
NCS_4030_Y20R,4030-Y20R,NCS 4030-Y20R,1
NCS_4030_Y30R,4030-Y30R,NCS 4030-Y30R,1
NCS_4030_Y40R,4030-Y40R,NCS 4030-Y40R,1
NCS_4030_Y50R,4030-Y50R,NCS 4030-Y50R,1
NCS_4030_Y60R,4030-Y60R,NCS 4030-Y60R,1
NCS_4030_Y70R,4030-Y70R,NCS 4030-Y70R,1
NCS_4030_Y80R,4030-Y80R,NCS 4030-Y80R,1
NCS_4030_Y90R,4030-Y90R,NCS 4030-Y90R,1
NCS_4040_B,4040-B,NCS 4040-B,1
NCS_4040_B10G,4040-B10G,NCS 4040-B10G,1
NCS_4040_B20G,4040-B20G,NCS 4040-B20G,1
NCS_4040_B30G,4040-B30G,NCS 4040-B30G,1
NCS_4040_B40G,4040-B40G,NCS 4040-B40G,1
NCS_4040_B50G,4040-B50G,NCS 4040-B50G,1
NCS_4040_B60G,4040-B60G,NCS 4040-B60G,1
NCS_4040_B70G,4040-B70G,NCS 4040-B70G,1
NCS_4040_B80G,4040-B80G,NCS 4040-B80G,1
NCS_4040_B90G,4040-B90G,NCS 4040-B90G,1
NCS_4040_G,4040-G,NCS 4040-G,1
NCS_4040_G10Y,4040-G10Y,NCS 4040-G10Y,1
NCS_4040_G20Y,4040-G20Y,NCS 4040-G20Y,1
NCS_4040_G30Y,4040-G30Y,NCS 4040-G30Y,1
NCS_4040_G40Y,4040-G40Y,NCS 4040-G40Y,1
NCS_4040_G50Y,4040-G50Y,NCS 4040-G50Y,1
NCS_4040_G60Y,4040-G60Y,NCS 4040-G60Y,1
NCS_4040_G70Y,4040-G70Y,NCS 4040-G70Y,1
NCS_4040_G80Y,4040-G80Y,NCS 4040-G80Y,1
NCS_4040_G90Y,4040-G90Y,NCS 4040-G90Y,1
NCS_4040_R,4040-R,NCS 4040-R,1
NCS_4040_R10B,4040-R10B,NCS 4040-R10B,1
NCS_4040_R20B,4040-R20B,NCS 4040-R20B,1
NCS_4040_R30B,4040-R30B,NCS 4040-R30B,1
NCS_4040_R40B,4040-R40B,NCS 4040-R40B,1
NCS_4040_R50B,4040-R50B,NCS 4040-R50B,1
NCS_4040_R60B,4040-R60B,NCS 4040-R60B,1
NCS_4040_R70B,4040-R70B,NCS 4040-R70B,1
NCS_4040_R80B,4040-R80B,NCS 4040-R80B,1
NCS_4040_R90B,4040-R90B,NCS 4040-R90B,1
NCS_4040_Y,4040-Y,NCS 4040-Y,1
NCS_4040_Y10R,4040-Y10R,NCS 4040-Y10R,1
NCS_4040_Y20R,4040-Y20R,NCS 4040-Y20R,1
NCS_4040_Y30R,4040-Y30R,NCS 4040-Y30R,1
NCS_4040_Y40R,4040-Y40R,NCS 4040-Y40R,1
NCS_4040_Y50R,4040-Y50R,NCS 4040-Y50R,1
NCS_4040_Y60R,4040-Y60R,NCS 4040-Y60R,1
NCS_4040_Y70R,4040-Y70R,NCS 4040-Y70R,1
NCS_4040_Y80R,4040-Y80R,NCS 4040-Y80R,1
NCS_4040_Y90R,4040-Y90R,NCS 4040-Y90R,1
NCS_4050_B,4050-B,NCS 4050-B,1
NCS_4050_B10G,4050-B10G,NCS 4050-B10G,1
NCS_4050_B30G,4050-B30G,NCS 4050-B30G,1
NCS_4050_B40G,4050-B40G,NCS 4050-B40G,1
NCS_4050_B50G,4050-B50G,NCS 4050-B50G,1
NCS_4050_B60G,4050-B60G,NCS 4050-B60G,1
NCS_4050_B70G,4050-B70G,NCS 4050-B70G,1
NCS_4050_B80G,4050-B80G,NCS 4050-B80G,1
NCS_4050_B90G,4050-B90G,NCS 4050-B90G,1
NCS_4050_G,4050-G,NCS 4050-G,1
NCS_4050_G10Y,4050-G10Y,NCS 4050-G10Y,1
NCS_4050_G20Y,4050-G20Y,NCS 4050-G20Y,1
NCS_4050_G30Y,4050-G30Y,NCS 4050-G30Y,1
NCS_4050_G40Y,4050-G40Y,NCS 4050-G40Y,1
NCS_4050_G50Y,4050-G50Y,NCS 4050-G50Y,1
NCS_4050_G60Y,4050-G60Y,NCS 4050-G60Y,1
NCS_4050_G70Y,4050-G70Y,NCS 4050-G70Y,1
NCS_4050_G80Y,4050-G80Y,NCS 4050-G80Y,1
NCS_4050_G90Y,4050-G90Y,NCS 4050-G90Y,1
NCS_4050_R,4050-R,NCS 4050-R,1
NCS_4050_R10B,4050-R10B,NCS 4050-R10B,1
NCS_4050_R20B,4050-R20B,NCS 4050-R20B,1
NCS_4050_R30B,4050-R30B,NCS 4050-R30B,1
NCS_4050_R40B,4050-R40B,NCS 4050-R40B,1
NCS_4050_R50B,4050-R50B,NCS 4050-R50B,1
NCS_4050_R60B,4050-R60B,NCS 4050-R60B,1
NCS_4050_R70B,4050-R70B,NCS 4050-R70B,1
NCS_4050_R80B,4050-R80B,NCS 4050-R80B,1
NCS_4050_R90B,4050-R90B,NCS 4050-R90B,1
NCS_4050_Y,4050-Y,NCS 4050-Y,1
NCS_4050_Y10R,4050-Y10R,NCS 4050-Y10R,1
NCS_4050_Y20R,4050-Y20R,NCS 4050-Y20R,1
NCS_4050_Y30R,4050-Y30R,NCS 4050-Y30R,1
NCS_4050_Y40R,4050-Y40R,NCS 4050-Y40R,1
NCS_4050_Y50R,4050-Y50R,NCS 4050-Y50R,1
NCS_4050_Y60R,4050-Y60R,NCS 4050-Y60R,1
NCS_4050_Y70R,4050-Y70R,NCS 4050-Y70R,1
NCS_4050_Y80R,4050-Y80R,NCS 4050-Y80R,1
NCS_4050_Y90R,4050-Y90R,NCS 4050-Y90R,1
NCS_4055_B,4055-B,NCS 4055-B,1
NCS_4055_B40G,4055-B40G,NCS 4055-B40G,1
NCS_4055_R70B,4055-R70B,NCS 4055-R70B,1
NCS_4055_Y10R,4055-Y10R,NCS 4055-Y10R,1
NCS_4500_N,4500-N,NCS 4500-N,1
NCS_4502_B,4502-B,NCS 4502-B,1
NCS_4502_G,4502-G,NCS 4502-G,1
NCS_4502_R,4502-R,NCS 4502-R,1
NCS_4502_Y,4502-Y,NCS 4502-Y,1
NCS_4550_B,4550-B,NCS 4550-B,1
NCS_4550_B20G,4550-B20G,NCS 4550-B20G,1
NCS_4550_B30G,4550-B30G,NCS 4550-B30G,1
NCS_4550_B40G,4550-B40G,NCS 4550-B40G,1
NCS_4550_B50G,4550-B50G,NCS 4550-B50G,1
NCS_4550_B80G,4550-B80G,NCS 4550-B80G,1
NCS_4550_B90G,4550-B90G,NCS 4550-B90G,1
NCS_4550_G,4550-G,NCS 4550-G,1
NCS_4550_G10Y,4550-G10Y,NCS 4550-G10Y,1
NCS_4550_G20Y,4550-G20Y,NCS 4550-G20Y,1
NCS_4550_G30Y,4550-G30Y,NCS 4550-G30Y,1
NCS_4550_G40Y,4550-G40Y,NCS 4550-G40Y,1
NCS_4550_G50Y,4550-G50Y,NCS 4550-G50Y,1
NCS_4550_G60Y,4550-G60Y,NCS 4550-G60Y,1
NCS_4550_G70Y,4550-G70Y,NCS 4550-G70Y,1
NCS_4550_R70B,4550-R70B,NCS 4550-R70B,1
NCS_4550_R80B,4550-R80B,NCS 4550-R80B,1
NCS_4550_R90B,4550-R90B,NCS 4550-R90B,1
NCS_4550_Y,4550-Y,NCS 4550-Y,1
NCS_4550_Y30R,4550-Y30R,NCS 4550-Y30R,1
NCS_4550_Y40R,4550-Y40R,NCS 4550-Y40R,1
NCS_4550_Y50R,4550-Y50R,NCS 4550-Y50R,1
NCS_4550_Y60R,4550-Y60R,NCS 4550-Y60R,1
NCS_4550_Y70R,4550-Y70R,NCS 4550-Y70R,1
NCS_4550_Y80R,4550-Y80R,NCS 4550-Y80R,1
NCS_4550_Y90R,4550-Y90R,NCS 4550-Y90R,1
NCS_5000_N,5000-N,NCS 5000-N,1
NCS_5005_B20G,5005-B20G,NCS 5005-B20G,1
NCS_5005_B80G,5005-B80G,NCS 5005-B80G,1
NCS_5005_G20Y,5005-G20Y,NCS 5005-G20Y,1
NCS_5005_G50Y,5005-G50Y,NCS 5005-G50Y,1
NCS_5005_G80Y,5005-G80Y,NCS 5005-G80Y,1
NCS_5005_R20B,5005-R20B,NCS 5005-R20B,1
NCS_5005_R50B,5005-R50B,NCS 5005-R50B,1
NCS_5005_R80B,5005-R80B,NCS 5005-R80B,1
NCS_5005_Y20R,5005-Y20R,NCS 5005-Y20R,1
NCS_5005_Y50R,5005-Y50R,NCS 5005-Y50R,1
NCS_5005_Y80R,5005-Y80R,NCS 5005-Y80R,1
NCS_5010_B10G,5010-B10G,NCS 5010-B10G,1
NCS_5010_B30G,5010-B30G,NCS 5010-B30G,1
NCS_5010_B50G,5010-B50G,NCS 5010-B50G,1
NCS_5010_B70G,5010-B70G,NCS 5010-B70G,1
NCS_5010_B90G,5010-B90G,NCS 5010-B90G,1
NCS_5010_G10Y,5010-G10Y,NCS 5010-G10Y,1
NCS_5010_G30Y,5010-G30Y,NCS 5010-G30Y,1
NCS_5010_G50Y,5010-G50Y,NCS 5010-G50Y,1
NCS_5010_G70Y,5010-G70Y,NCS 5010-G70Y,1
NCS_5010_G90Y,5010-G90Y,NCS 5010-G90Y,1
NCS_5010_R10B,5010-R10B,NCS 5010-R10B,1
NCS_5010_R30B,5010-R30B,NCS 5010-R30B,1
NCS_5010_R50B,5010-R50B,NCS 5010-R50B,1
NCS_5010_R70B,5010-R70B,NCS 5010-R70B,1
NCS_5010_R90B,5010-R90B,NCS 5010-R90B,1
NCS_5010_Y10R,5010-Y10R,NCS 5010-Y10R,1
NCS_5010_Y30R,5010-Y30R,NCS 5010-Y30R,1
NCS_5010_Y50R,5010-Y50R,NCS 5010-Y50R,1
NCS_5010_Y70R,5010-Y70R,NCS 5010-Y70R,1
NCS_5010_Y90R,5010-Y90R,NCS 5010-Y90R,1
NCS_5020_B,5020-B,NCS 5020-B,1
NCS_5020_B10G,5020-B10G,NCS 5020-B10G,1
NCS_5020_B30G,5020-B30G,NCS 5020-B30G,1
NCS_5020_B50G,5020-B50G,NCS 5020-B50G,1
NCS_5020_B70G,5020-B70G,NCS 5020-B70G,1
NCS_5020_B90G,5020-B90G,NCS 5020-B90G,1
NCS_5020_G,5020-G,NCS 5020-G,1
NCS_5020_G10Y,5020-G10Y,NCS 5020-G10Y,1
NCS_5020_G30Y,5020-G30Y,NCS 5020-G30Y,1
NCS_5020_G50Y,5020-G50Y,NCS 5020-G50Y,1
NCS_5020_G70Y,5020-G70Y,NCS 5020-G70Y,1
NCS_5020_G90Y,5020-G90Y,NCS 5020-G90Y,1
NCS_5020_R,5020-R,NCS 5020-R,1
NCS_5020_R10B,5020-R10B,NCS 5020-R10B,1
NCS_5020_R20B,5020-R20B,NCS 5020-R20B,1
NCS_5020_R30B,5020-R30B,NCS 5020-R30B,1
NCS_5020_R40B,5020-R40B,NCS 5020-R40B,1
NCS_5020_R50B,5020-R50B,NCS 5020-R50B,1
NCS_5020_R60B,5020-R60B,NCS 5020-R60B,1
NCS_5020_R70B,5020-R70B,NCS 5020-R70B,1
NCS_5020_R80B,5020-R80B,NCS 5020-R80B,1
NCS_5020_R90B,5020-R90B,NCS 5020-R90B,1
NCS_5020_Y,5020-Y,NCS 5020-Y,1
NCS_5020_Y10R,5020-Y10R,NCS 5020-Y10R,1
NCS_5020_Y20R,5020-Y20R,NCS 5020-Y20R,1
NCS_5020_Y30R,5020-Y30R,NCS 5020-Y30R,1
NCS_5020_Y40R,5020-Y40R,NCS 5020-Y40R,1
NCS_5020_Y50R,5020-Y50R,NCS 5020-Y50R,1
NCS_5020_Y60R,5020-Y60R,NCS 5020-Y60R,1
NCS_5020_Y70R,5020-Y70R,NCS 5020-Y70R,1
NCS_5020_Y80R,5020-Y80R,NCS 5020-Y80R,1
NCS_5020_Y90R,5020-Y90R,NCS 5020-Y90R,1
NCS_5030_B,5030-B,NCS 5030-B,1
NCS_5030_B10G,5030-B10G,NCS 5030-B10G,1
NCS_5030_B30G,5030-B30G,NCS 5030-B30G,1
NCS_5030_B50G,5030-B50G,NCS 5030-B50G,1
NCS_5030_B70G,5030-B70G,NCS 5030-B70G,1
NCS_5030_B90G,5030-B90G,NCS 5030-B90G,1
NCS_5030_G,5030-G,NCS 5030-G,1
NCS_5030_G10Y,5030-G10Y,NCS 5030-G10Y,1
NCS_5030_G30Y,5030-G30Y,NCS 5030-G30Y,1
NCS_5030_G50Y,5030-G50Y,NCS 5030-G50Y,1
NCS_5030_G70Y,5030-G70Y,NCS 5030-G70Y,1
NCS_5030_G90Y,5030-G90Y,NCS 5030-G90Y,1
NCS_5030_R,5030-R,NCS 5030-R,1
NCS_5030_R10B,5030-R10B,NCS 5030-R10B,1
NCS_5030_R20B,5030-R20B,NCS 5030-R20B,1
NCS_5030_R30B,5030-R30B,NCS 5030-R30B,1
NCS_5030_R40B,5030-R40B,NCS 5030-R40B,1
NCS_5030_R50B,5030-R50B,NCS 5030-R50B,1
NCS_5030_R60B,5030-R60B,NCS 5030-R60B,1
NCS_5030_R70B,5030-R70B,NCS 5030-R70B,1
NCS_5030_R80B,5030-R80B,NCS 5030-R80B,1
NCS_5030_R90B,5030-R90B,NCS 5030-R90B,1
NCS_5030_Y,5030-Y,NCS 5030-Y,1
NCS_5030_Y10R,5030-Y10R,NCS 5030-Y10R,1
NCS_5030_Y20R,5030-Y20R,NCS 5030-Y20R,1
NCS_5030_Y30R,5030-Y30R,NCS 5030-Y30R,1
NCS_5030_Y40R,5030-Y40R,NCS 5030-Y40R,1
NCS_5030_Y50R,5030-Y50R,NCS 5030-Y50R,1
NCS_5030_Y60R,5030-Y60R,NCS 5030-Y60R,1
NCS_5030_Y70R,5030-Y70R,NCS 5030-Y70R,1
NCS_5030_Y80R,5030-Y80R,NCS 5030-Y80R,1
NCS_5030_Y90R,5030-Y90R,NCS 5030-Y90R,1
NCS_5040_B,5040-B,NCS 5040-B,1
NCS_5040_B10G,5040-B10G,NCS 5040-B10G,1
NCS_5040_B20G,5040-B20G,NCS 5040-B20G,1
NCS_5040_B30G,5040-B30G,NCS 5040-B30G,1
NCS_5040_B40G,5040-B40G,NCS 5040-B40G,1
NCS_5040_B50G,5040-B50G,NCS 5040-B50G,1
NCS_5040_B60G,5040-B60G,NCS 5040-B60G,1
NCS_5040_B70G,5040-B70G,NCS 5040-B70G,1
NCS_5040_B80G,5040-B80G,NCS 5040-B80G,1
NCS_5040_B90G,5040-B90G,NCS 5040-B90G,1
NCS_5040_G,5040-G,NCS 5040-G,1
NCS_5040_G10Y,5040-G10Y,NCS 5040-G10Y,1
NCS_5040_G20Y,5040-G20Y,NCS 5040-G20Y,1
NCS_5040_G30Y,5040-G30Y,NCS 5040-G30Y,1
NCS_5040_G40Y,5040-G40Y,NCS 5040-G40Y,1
NCS_5040_G50Y,5040-G50Y,NCS 5040-G50Y,1
NCS_5040_G60Y,5040-G60Y,NCS 5040-G60Y,1
NCS_5040_G70Y,5040-G70Y,NCS 5040-G70Y,1
NCS_5040_G80Y,5040-G80Y,NCS 5040-G80Y,1
NCS_5040_G90Y,5040-G90Y,NCS 5040-G90Y,1
NCS_5040_R,5040-R,NCS 5040-R,1
NCS_5040_R10B,5040-R10B,NCS 5040-R10B,1
NCS_5040_R20B,5040-R20B,NCS 5040-R20B,1
NCS_5040_R30B,5040-R30B,NCS 5040-R30B,1
NCS_5040_R40B,5040-R40B,NCS 5040-R40B,1
NCS_5040_R50B,5040-R50B,NCS 5040-R50B,1
NCS_5040_R60B,5040-R60B,NCS 5040-R60B,1
NCS_5040_R70B,5040-R70B,NCS 5040-R70B,1
NCS_5040_R80B,5040-R80B,NCS 5040-R80B,1
NCS_5040_R90B,5040-R90B,NCS 5040-R90B,1
NCS_5040_Y,5040-Y,NCS 5040-Y,1
NCS_5040_Y10R,5040-Y10R,NCS 5040-Y10R,1
NCS_5040_Y20R,5040-Y20R,NCS 5040-Y20R,1
NCS_5040_Y30R,5040-Y30R,NCS 5040-Y30R,1
NCS_5040_Y40R,5040-Y40R,NCS 5040-Y40R,1
NCS_5040_Y50R,5040-Y50R,NCS 5040-Y50R,1
NCS_5040_Y60R,5040-Y60R,NCS 5040-Y60R,1
NCS_5040_Y70R,5040-Y70R,NCS 5040-Y70R,1
NCS_5040_Y80R,5040-Y80R,NCS 5040-Y80R,1
NCS_5040_Y90R,5040-Y90R,NCS 5040-Y90R,1
NCS_5045_B10G,5045-B10G,NCS 5045-B10G,1
NCS_5500_N,5500-N,NCS 5500-N,1
NCS_5502_B,5502-B,NCS 5502-B,1
NCS_5502_G,5502-G,NCS 5502-G,1
NCS_5502_R,5502-R,NCS 5502-R,1
NCS_5502_Y,5502-Y,NCS 5502-Y,1
NCS_5540_B,5540-B,NCS 5540-B,1
NCS_5540_B10G,5540-B10G,NCS 5540-B10G,1
NCS_5540_B20G,5540-B20G,NCS 5540-B20G,1
NCS_5540_B30G,5540-B30G,NCS 5540-B30G,1
NCS_5540_B40G,5540-B40G,NCS 5540-B40G,1
NCS_5540_B50G,5540-B50G,NCS 5540-B50G,1
NCS_5540_B80G,5540-B80G,NCS 5540-B80G,1
NCS_5540_B90G,5540-B90G,NCS 5540-B90G,1
NCS_5540_G,5540-G,NCS 5540-G,1
NCS_5540_G10Y,5540-G10Y,NCS 5540-G10Y,1
NCS_5540_G20Y,5540-G20Y,NCS 5540-G20Y,1
NCS_5540_G30Y,5540-G30Y,NCS 5540-G30Y,1
NCS_5540_G40Y,5540-G40Y,NCS 5540-G40Y,1
NCS_5540_G50Y,5540-G50Y,NCS 5540-G50Y,1
NCS_5540_G60Y,5540-G60Y,NCS 5540-G60Y,1
NCS_5540_G70Y,5540-G70Y,NCS 5540-G70Y,1
NCS_5540_R70B,5540-R70B,NCS 5540-R70B,1
NCS_5540_R90B,5540-R90B,NCS 5540-R90B,1
NCS_5540_Y90R,5540-Y90R,NCS 5540-Y90R,1
NCS_6000_N,6000-N,NCS 6000-N,1
NCS_6005_B20G,6005-B20G,NCS 6005-B20G,1
NCS_6005_B80G,6005-B80G,NCS 6005-B80G,1
NCS_6005_G20Y,6005-G20Y,NCS 6005-G20Y,1
NCS_6005_G50Y,6005-G50Y,NCS 6005-G50Y,1
NCS_6005_G80Y,6005-G80Y,NCS 6005-G80Y,1
NCS_6005_R20B,6005-R20B,NCS 6005-R20B,1
NCS_6005_R50B,6005-R50B,NCS 6005-R50B,1
NCS_6005_R80B,6005-R80B,NCS 6005-R80B,1
NCS_6005_Y20R,6005-Y20R,NCS 6005-Y20R,1
NCS_6005_Y50R,6005-Y50R,NCS 6005-Y50R,1
NCS_6005_Y80Y,6005-Y80Y,NCS 6005-Y80Y,1
NCS_6010_B10G,6010-B10G,NCS 6010-B10G,1
NCS_6010_B30G,6010-B30G,NCS 6010-B30G,1
NCS_6010_B50G,6010-B50G,NCS 6010-B50G,1
NCS_6010_B70G,6010-B70G,NCS 6010-B70G,1
NCS_6010_B90G,6010-B90G,NCS 6010-B90G,1
NCS_6010_G10Y,6010-G10Y,NCS 6010-G10Y,1
NCS_6010_G30Y,6010-G30Y,NCS 6010-G30Y,1
NCS_6010_G50Y,6010-G50Y,NCS 6010-G50Y,1
NCS_6010_G70Y,6010-G70Y,NCS 6010-G70Y,1
NCS_6010_G90Y,6010-G90Y,NCS 6010-G90Y,1
NCS_6010_R10B,6010-R10B,NCS 6010-R10B,1
NCS_6010_R30B,6010-R30B,NCS 6010-R30B,1
NCS_6010_R50B,6010-R50B,NCS 6010-R50B,1
NCS_6010_R70B,6010-R70B,NCS 6010-R70B,1
NCS_6010_R90B,6010-R90B,NCS 6010-R90B,1
NCS_6010_Y10R,6010-Y10R,NCS 6010-Y10R,1
NCS_6010_Y30R,6010-Y30R,NCS 6010-Y30R,1
NCS_6010_Y50R,6010-Y50R,NCS 6010-Y50R,1
NCS_6010_Y70R,6010-Y70R,NCS 6010-Y70R,1
NCS_6010_Y90R,6010-Y90R,NCS 6010-Y90R,1
NCS_6020_B,6020-B,NCS 6020-B,1
NCS_6020_B10G,6020-B10G,NCS 6020-B10G,1
NCS_6020_B30G,6020-B30G,NCS 6020-B30G,1
NCS_6020_B50G,6020-B50G,NCS 6020-B50G,1
NCS_6020_B70G,6020-B70G,NCS 6020-B70G,1
NCS_6020_B90G,6020-B90G,NCS 6020-B90G,1
NCS_6020_G,6020-G,NCS 6020-G,1
NCS_6020_G10Y,6020-G10Y,NCS 6020-G10Y,1
NCS_6020_G30Y,6020-G30Y,NCS 6020-G30Y,1
NCS_6020_G50Y,6020-G50Y,NCS 6020-G50Y,1
NCS_6020_G70Y,6020-G70Y,NCS 6020-G70Y,1
NCS_6020_G90Y,6020-G90Y,NCS 6020-G90Y,1
NCS_6020_R,6020-R,NCS 6020-R,1
NCS_6020_R10B,6020-R10B,NCS 6020-R10B,1
NCS_6020_R20B,6020-R20B,NCS 6020-R20B,1
NCS_6020_R30B,6020-R30B,NCS 6020-R30B,1
NCS_6020_R40B,6020-R40B,NCS 6020-R40B,1
NCS_6020_R50B,6020-R50B,NCS 6020-R50B,1
NCS_6020_R60B,6020-R60B,NCS 6020-R60B,1
NCS_6020_R70B,6020-R70B,NCS 6020-R70B,1
NCS_6020_R80B,6020-R80B,NCS 6020-R80B,1
NCS_6020_R90B,6020-R90B,NCS 6020-R90B,1
NCS_6020_Y,6020-Y,NCS 6020-Y,1
NCS_6020_Y10R,6020-Y10R,NCS 6020-Y10R,1
NCS_6020_Y20R,6020-Y20R,NCS 6020-Y20R,1
NCS_6020_Y30R,6020-Y30R,NCS 6020-Y30R,1
NCS_6020_Y40R,6020-Y40R,NCS 6020-Y40R,1
NCS_6020_Y50R,6020-Y50R,NCS 6020-Y50R,1
NCS_6020_Y60R,6020-Y60R,NCS 6020-Y60R,1
NCS_6020_Y70R,6020-Y70R,NCS 6020-Y70R,1
NCS_6020_Y80R,6020-Y80R,NCS 6020-Y80R,1
NCS_6020_Y90R,6020-Y90R,NCS 6020-Y90R,1
NCS_6030_B,6030-B,NCS 6030-B,1
NCS_6030_B10G,6030-B10G,NCS 6030-B10G,1
NCS_6030_B30G,6030-B30G,NCS 6030-B30G,1
NCS_6030_B50G,6030-B50G,NCS 6030-B50G,1
NCS_6030_B70G,6030-B70G,NCS 6030-B70G,1
NCS_6030_B90G,6030-B90G,NCS 6030-B90G,1
NCS_6030_G,6030-G,NCS 6030-G,1
NCS_6030_G10Y,6030-G10Y,NCS 6030-G10Y,1
NCS_6030_G30Y,6030-G30Y,NCS 6030-G30Y,1
NCS_6030_G50Y,6030-G50Y,NCS 6030-G50Y,1
NCS_6030_G70Y,6030-G70Y,NCS 6030-G70Y,1
NCS_6030_G90Y,6030-G90Y,NCS 6030-G90Y,1
NCS_6030_R,6030-R,NCS 6030-R,1
NCS_6030_R10B,6030-R10B,NCS 6030-R10B,1
NCS_6030_R20B,6030-R20B,NCS 6030-R20B,1
NCS_6030_R30B,6030-R30B,NCS 6030-R30B,1
NCS_6030_R40B,6030-R40B,NCS 6030-R40B,1
NCS_6030_R50B,6030-R50B,NCS 6030-R50B,1
NCS_6030_R60B,6030-R60B,NCS 6030-R60B,1
NCS_6030_R70B,6030-R70B,NCS 6030-R70B,1
NCS_6030_R80B,6030-R80B,NCS 6030-R80B,1
NCS_6030_R90B,6030-R90B,NCS 6030-R90B,1
NCS_6030_Y,6030-Y,NCS 6030-Y,1
NCS_6030_Y10R,6030-Y10R,NCS 6030-Y10R,1
NCS_6030_Y20R,6030-Y20R,NCS 6030-Y20R,1
NCS_6030_Y30R,6030-Y30R,NCS 6030-Y30R,1
NCS_6030_Y40R,6030-Y40R,NCS 6030-Y40R,1
NCS_6030_Y50R,6030-Y50R,NCS 6030-Y50R,1
NCS_6030_Y60R,6030-Y60R,NCS 6030-Y60R,1
NCS_6030_Y70R,6030-Y70R,NCS 6030-Y70R,1
NCS_6030_Y80R,6030-Y80R,NCS 6030-Y80R,1
NCS_6030_Y90R,6030-Y90R,NCS 6030-Y90R,1
NCS_6035_B60G,6035-B60G,NCS 6035-B60G,1
NCS_6500_N,6500-N,NCS 6500-N,1
NCS_6502_B,6502-B,NCS 6502-B,1
NCS_6502_G,6502-G,NCS 6502-G,1
NCS_6502_R,6502-R,NCS 6502-R,1
NCS_6502_Y,6502-Y,NCS 6502-Y,1
NCS_6530_B30G,6530-B30G,NCS 6530-B30G,1
NCS_6530_B50G,6530-B50G,NCS 6530-B50G,1
NCS_6530_G10Y,6530-G10Y,NCS 6530-G10Y,1
NCS_6530_G50Y,6530-G50Y,NCS 6530-G50Y,1
NCS_7000_N,7000-N,NCS 7000-N,1
NCS_7005_B20G,7005-B20G,NCS 7005-B20G,1
NCS_7005_B80G,7005-B80G,NCS 7005-B80G,1
NCS_7005_G20Y,7005-G20Y,NCS 7005-G20Y,1
NCS_7005_G50Y,7005-G50Y,NCS 7005-G50Y,1
NCS_7005_G80Y,7005-G80Y,NCS 7005-G80Y,1
NCS_7005_R20B,7005-R20B,NCS 7005-R20B,1
NCS_7005_R50B,7005-R50B,NCS 7005-R50B,1
NCS_7005_R80B,7005-R80B,NCS 7005-R80B,1
NCS_7005_Y20R,7005-Y20R,NCS 7005-Y20R,1
NCS_7005_Y50R,7005-Y50R,NCS 7005-Y50R,1
NCS_7005_Y80R,7005-Y80R,NCS 7005-Y80R,1
NCS_7010_B10G,7010-B10G,NCS 7010-B10G,1
NCS_7010_B30G,7010-B30G,NCS 7010-B30G,1
NCS_7010_B50G,7010-B50G,NCS 7010-B50G,1
NCS_7010_B70G,7010-B70G,NCS 7010-B70G,1
NCS_7010_B90G,7010-B90G,NCS 7010-B90G,1
NCS_7010_G10Y,7010-G10Y,NCS 7010-G10Y,1
NCS_7010_G30Y,7010-G30Y,NCS 7010-G30Y,1
NCS_7010_G50Y,7010-G50Y,NCS 7010-G50Y,1
NCS_7010_G70Y,7010-G70Y,NCS 7010-G70Y,1
NCS_7010_G90Y,7010-G90Y,NCS 7010-G90Y,1
NCS_7010_R10B,7010-R10B,NCS 7010-R10B,1
NCS_7010_R30B,7010-R30B,NCS 7010-R30B,1
NCS_7010_R50B,7010-R50B,NCS 7010-R50B,1
NCS_7010_R70B,7010-R70B,NCS 7010-R70B,1
NCS_7010_R90B,7010-R90B,NCS 7010-R90B,1
NCS_7010_Y10R,7010-Y10R,NCS 7010-Y10R,1
NCS_7010_Y30R,7010-Y30R,NCS 7010-Y30R,1
NCS_7010_Y50R,7010-Y50R,NCS 7010-Y50R,1
NCS_7010_Y70R,7010-Y70R,NCS 7010-Y70R,1
NCS_7010_Y90R,7010-Y90R,NCS 7010-Y90R,1
NCS_7020_B,7020-B,NCS 7020-B,1
NCS_7020_B10G,7020-B10G,NCS 7020-B10G,1
NCS_7020_B30G,7020-B30G,NCS 7020-B30G,1
NCS_7020_B50G,7020-B50G,NCS 7020-B50G,1
NCS_7020_B70G,7020-B70G,NCS 7020-B70G,1
NCS_7020_B90G,7020-B90G,NCS 7020-B90G,1
NCS_7020_G,7020-G,NCS 7020-G,1
NCS_7020_G10Y,7020-G10Y,NCS 7020-G10Y,1
NCS_7020_G30Y,7020-G30Y,NCS 7020-G30Y,1
NCS_7020_G50Y,7020-G50Y,NCS 7020-G50Y,1
NCS_7020_G70Y,7020-G70Y,NCS 7020-G70Y,1
NCS_7020_G90Y,7020-G90Y,NCS 7020-G90Y,1
NCS_7020_R,7020-R,NCS 7020-R,1
NCS_7020_R10B,7020-R10B,NCS 7020-R10B,1
NCS_7020_R20B,7020-R20B,NCS 7020-R20B,1
NCS_7020_R30B,7020-R30B,NCS 7020-R30B,1
NCS_7020_R40B,7020-R40B,NCS 7020-R40B,1
NCS_7020_R50B,7020-R50B,NCS 7020-R50B,1
NCS_7020_R60B,7020-R60B,NCS 7020-R60B,1
NCS_7020_R70B,7020-R70B,NCS 7020-R70B,1
NCS_7020_R80B,7020-R80B,NCS 7020-R80B,1
NCS_7020_R90B,7020-R90B,NCS 7020-R90B,1
NCS_7020_Y,7020-Y,NCS 7020-Y,1
NCS_7020_Y10R,7020-Y10R,NCS 7020-Y10R,1
NCS_7020_Y20R,7020-Y20R,NCS 7020-Y20R,1
NCS_7020_Y30R,7020-Y30R,NCS 7020-Y30R,1
NCS_7020_Y40R,7020-Y40R,NCS 7020-Y40R,1
NCS_7020_Y50R,7020-Y50R,NCS 7020-Y50R,1
NCS_7020_Y60R,7020-Y60R,NCS 7020-Y60R,1
NCS_7020_Y70R,7020-Y70R,NCS 7020-Y70R,1
NCS_7020_Y80R,7020-Y80R,NCS 7020-Y80R,1
NCS_7020_Y90R,7020-Y90R,NCS 7020-Y90R,1
NCS_7500_N,7500-N,NCS 7500-N,1
NCS_7502_B,7502-B,NCS 7502-B,1
NCS_7502_G,7502-G,NCS 7502-G,1
NCS_7502_R,7502-R,NCS 7502-R,1
NCS_7502_Y,7502-Y,NCS 7502-Y,1
NCS_8000_N,8000-N,NCS 8000-N,1
NCS_8005_B20G,8005-B20G,NCS 8005-B20G,1
NCS_8005_B80G,8005-B80G,NCS 8005-B80G,1
NCS_8005_G20Y,8005-G20Y,NCS 8005-G20Y,1
NCS_8005_G50Y,8005-G50Y,NCS 8005-G50Y,1
NCS_8005_G80Y,8005-G80Y,NCS 8005-G80Y,1
NCS_8005_R20B,8005-R20B,NCS 8005-R20B,1
NCS_8005_R50B,8005-R50B,NCS 8005-R50B,1
NCS_8005_R80B,8005-R80B,NCS 8005-R80B,1
NCS_8005_Y20R,8005-Y20R,NCS 8005-Y20R,1
NCS_8005_Y50R,8005-Y50R,NCS 8005-Y50R,1
NCS_8005_Y80R,8005-Y80R,NCS 8005-Y80R,1
NCS_8010_B10G,8010-B10G,NCS 8010-B10G,1
NCS_8010_B30G,8010-B30G,NCS 8010-B30G,1
NCS_8010_B50G,8010-B50G,NCS 8010-B50G,1
NCS_8010_B70G,8010-B70G,NCS 8010-B70G,1
NCS_8010_B90G,8010-B90G,NCS 8010-B90G,1
NCS_8010_G10Y,8010-G10Y,NCS 8010-G10Y,1
NCS_8010_G30Y,8010-G30Y,NCS 8010-G30Y,1
NCS_8010_G50Y,8010-G50Y,NCS 8010-G50Y,1
NCS_8010_G70Y,8010-G70Y,NCS 8010-G70Y,1
NCS_8010_G90Y,8010-G90Y,NCS 8010-G90Y,1
NCS_8010_R10B,8010-R10B,NCS 8010-R10B,1
NCS_8010_R30B,8010-R30B,NCS 8010-R30B,1
NCS_8010_R50B,8010-R50B,NCS 8010-R50B,1
NCS_8010_R70B,8010-R70B,NCS 8010-R70B,1
NCS_8010_R90B,8010-R90B,NCS 8010-R90B,1
NCS_8010_Y10R,8010-Y10R,NCS 8010-Y10R,1
NCS_8010_Y30R,8010-Y30R,NCS 8010-Y30R,1
NCS_8010_Y50R,8010-Y50R,NCS 8010-Y50R,1
NCS_8010_Y70R,8010-Y70R,NCS 8010-Y70R,1
NCS_8010_Y90R,8010-Y90R,NCS 8010-Y90R,1
NCS_8500_N,8500-N,NCS 8500-N,1
NCS_8502_B,8502-B,NCS 8502-B,1
NCS_8502_G,8502-G,NCS 8502-G,1
NCS_8502_R,8502-R,NCS 8502-R,1
NCS_8502_Y,8502-Y,NCS 8502-Y,1
NCS_8505_B20G,8505-B20G,NCS 8505-B20G,1
NCS_8505_B80G,8505-B80G,NCS 8505-B80G,1
NCS_8505_G20Y,8505-G20Y,NCS 8505-G20Y,1
NCS_8505_G80Y,8505-G80Y,NCS 8505-G80Y,1
NCS_8505_R20B,8505-R20B,NCS 8505-R20B,1
NCS_8505_R80B,8505-R80B,NCS 8505-R80B,1
NCS_8505_Y20R,8505-Y20R,NCS 8505-Y20R,1
NCS_8505_Y80R,8505-Y80R,NCS 8505-Y80R,1
NCS_9000_N,9000-N,NCS 9000-N,1
